pk,name,type,price,created_at,updated_at
1,Assimilated,Toys,38.69,2021-05-05 18:13:18,2021-05-07 18:13:18 UTC
2,capability,Food,57.76,2021-08-16 07:54:27,2021-08-16 07:54:27 UTC
3,Assimilated,Food,64.09,2021-09-20 07:23:23,2021-09-23 07:23:23 UTC
4,Reduced,Medicine,16.74,2021-06-16 23:07:30,2021-06-16 23:07:30 UTC
5,architecture,Snack,70.05,2021-08-30 23:06:47,2021-09-02 23:06:47 UTC
6,Implemented,Equipment,57.1,2021-07-28 17:14:38,2021-07-30 17:14:38 UTC
7,algorithm,Toys,8.73,2021-07-22 19:01:55,2021-07-25 19:01:55 UTC
8,standardization,Equipment,43.74,2022-02-17 18:37:26,2022-02-19 18:37:26 UTC
9,Optional,Toys,40.75,2022-02-26 00:25:15,2022-03-01 00:25:15 UTC
10,Versatile,Snack,33.88,2022-01-23 21:44:00,2022-01-26 21:44:00 UTC
11,Function-based,Clothes,7.31,2021-06-08 11:02:52,2021-06-09 11:02:52 UTC
12,extranet,Equipment,42.11,2021-11-13 06:48:55,2021-11-13 06:48:55 UTC
13,dedicated,Supplements,58.59,2021-10-07 08:25:33,2021-10-10 08:25:33 UTC
14,array,Bedding,26.69,2021-10-23 08:23:31,2021-10-24 08:23:31 UTC
15,User-friendly,Supplements,51.93,2021-09-11 18:29:11,2021-09-13 18:29:11 UTC
16,maximized,Accessory,9.91,2021-05-11 19:17:11,2021-05-13 19:17:11 UTC
17,Horizontal,Accessory,52.45,2022-01-07 17:42:46,2022-01-08 17:42:46 UTC
18,systemic,Supplements,8.63,2021-04-23 14:14:04,2021-04-24 14:14:04 UTC
19,projection,Equipment,29.54,2021-03-26 08:03:11,2021-03-28 08:03:11 UTC
20,Distributed,Snack,71.93,2021-07-21 23:31:12,2021-07-24 23:31:12 UTC
21,systemic,Clothes,73.96,2021-06-12 08:47:43,2021-06-14 08:47:43 UTC
22,contextually-based,Accessory,66.32,2021-10-19 02:15:12,2021-10-22 02:15:12 UTC
23,context-sensitive,Bedding,45.64,2021-06-19 20:00:29,2021-06-22 20:00:29 UTC
24,Implemented,Snack,2.58,2021-03-16 14:00:32,2021-03-18 14:00:32 UTC
25,capacity,Equipment,15.12,2021-07-21 18:21:56,2021-07-21 18:21:56 UTC
26,Balanced,Supplements,43.12,2021-12-26 01:39:03,2021-12-26 01:39:03 UTC
27,client-driven,Toys,25.14,2021-05-28 03:33:46,2021-05-31 03:33:46 UTC
28,directional,Toys,8.89,2021-10-05 07:14:16,2021-10-08 07:14:16 UTC
29,encoding,Housing,64.08,2021-12-29 09:23:58,2022-01-01 09:23:58 UTC
30,Sharable,Supplements,34.6,2022-01-01 10:00:05,2022-01-03 10:00:05 UTC
31,Diverse,Clothes,53.01,2021-05-06 21:28:11,2021-05-08 21:28:11 UTC
32,knowledge base,Supplements,63.32,2022-02-19 13:21:39,2022-02-22 13:21:39 UTC
33,Networked,Snack,59.45,2021-05-31 05:53:04,2021-06-01 05:53:04 UTC
34,protocol,Food,29.9,2021-05-24 19:30:15,2021-05-24 19:30:15 UTC
35,concept,Housing,2.0,2021-11-05 15:23:14,2021-11-06 15:23:14 UTC
36,protocol,Bedding,55.47,2021-10-19 12:21:35,2021-10-20 12:21:35 UTC
37,eco-centric,Equipment,55.82,2021-12-05 00:15:30,2021-12-07 00:15:30 UTC
38,product,Snack,36.05,2021-12-05 18:46:48,2021-12-05 18:46:48 UTC
39,Cross-platform,Food,2.37,2022-01-27 02:55:42,2022-01-30 02:55:42 UTC
40,high-level,Housing,44.58,2021-08-02 21:08:09,2021-08-04 21:08:09 UTC
41,model,Bedding,21.94,2021-09-07 15:35:14,2021-09-08 15:35:14 UTC
42,incremental,Food,30.04,2021-06-02 21:01:01,2021-06-05 21:01:01 UTC
43,instruction set,Bedding,41.58,2021-09-16 03:09:56,2021-09-19 03:09:56 UTC
44,ability,Medicine,68.97,2022-01-06 08:24:02,2022-01-07 08:24:02 UTC
45,data-warehouse,Supplements,60.4,2021-06-22 19:49:26,2021-06-23 19:49:26 UTC
46,secured line,Grooming,66.51,2021-12-24 23:03:26,2021-12-27 23:03:26 UTC
47,grid-enabled,Supplements,34.77,2021-05-29 23:00:31,2021-06-01 23:00:31 UTC
48,Graphic Interface,Medicine,27.69,2021-05-16 17:09:03,2021-05-19 17:09:03 UTC
49,directional,Equipment,35.25,2021-11-10 18:33:48,2021-11-13 18:33:48 UTC
50,multimedia,Grooming,65.0,2021-06-12 06:32:25,2021-06-13 06:32:25 UTC
51,Fully-configurable,Toys,43.24,2021-10-06 11:10:52,2021-10-09 11:10:52 UTC
52,Organic,Food,6.0,2021-03-16 06:52:54,2021-03-17 06:52:54 UTC
53,hardware,Equipment,50.12,2021-05-22 07:49:22,2021-05-23 07:49:22 UTC
54,Synergized,Supplements,8.43,2021-06-27 11:50:03,2021-06-29 11:50:03 UTC
55,Distributed,Housing,34.07,2021-04-05 09:53:24,2021-04-07 09:53:24 UTC
56,Balanced,Supplements,67.78,2021-07-01 21:01:42,2021-07-03 21:01:42 UTC
57,analyzer,Grooming,77.62,2022-02-25 01:49:33,2022-02-28 01:49:33 UTC
58,Down-sized,Grooming,14.79,2021-10-20 16:37:36,2021-10-23 16:37:36 UTC
59,encompassing,Toys,46.93,2022-01-03 15:59:36,2022-01-03 15:59:36 UTC
60,toolset,Snack,35.31,2022-02-06 20:45:51,2022-02-07 20:45:51 UTC
61,Future-proofed,Housing,34.55,2021-06-20 02:43:01,2021-06-20 02:43:01 UTC
62,bottom-line,Toys,68.78,2021-06-29 19:27:06,2021-07-02 19:27:06 UTC
63,Centralized,Equipment,32.56,2022-02-07 17:01:08,2022-02-08 17:01:08 UTC
64,4th generation,Equipment,9.76,2021-11-28 23:25:58,2021-11-28 23:25:58 UTC
65,Proactive,Equipment,74.53,2021-05-13 17:40:35,2021-05-13 17:40:35 UTC
66,middleware,Toys,9.87,2021-08-02 04:35:31,2021-08-04 04:35:31 UTC
67,Pre-emptive,Food,63.71,2021-08-16 04:40:55,2021-08-17 04:40:55 UTC
68,Decentralized,Housing,40.44,2021-08-15 18:20:25,2021-08-16 18:20:25 UTC
69,ability,Housing,43.82,2021-08-16 14:36:48,2021-08-19 14:36:48 UTC
70,capacity,Grooming,45.4,2021-10-27 03:08:56,2021-10-28 03:08:56 UTC
71,Compatible,Equipment,50.48,2021-06-18 12:35:26,2021-06-21 12:35:26 UTC
72,help-desk,Equipment,73.17,2021-05-30 14:27:07,2021-06-02 14:27:07 UTC
73,tertiary,Toys,64.57,2021-11-16 03:58:23,2021-11-18 03:58:23 UTC
74,Pre-emptive,Equipment,21.65,2021-04-11 03:10:01,2021-04-12 03:10:01 UTC
75,Compatible,Toys,70.07,2021-10-21 23:42:36,2021-10-24 23:42:36 UTC
76,flexibility,Grooming,25.14,2022-01-12 17:08:34,2022-01-14 17:08:34 UTC
77,upward-trending,Accessory,69.7,2021-10-18 07:15:00,2021-10-20 07:15:00 UTC
78,mobile,Equipment,34.54,2021-04-08 06:54:31,2021-04-11 06:54:31 UTC
79,Distributed,Snack,57.74,2021-07-24 05:33:44,2021-07-26 05:33:44 UTC
80,Integrated,Toys,48.03,2021-04-09 03:24:26,2021-04-09 03:24:26 UTC
81,dynamic,Equipment,78.17,2021-06-15 11:50:29,2021-06-18 11:50:29 UTC
82,empowering,Equipment,26.5,2021-09-01 11:35:07,2021-09-03 11:35:07 UTC
83,systemic,Medicine,26.28,2021-12-08 11:53:26,2021-12-08 11:53:26 UTC
84,firmware,Accessory,17.65,2021-10-02 19:58:56,2021-10-03 19:58:56 UTC
85,Business-focused,Snack,5.05,2022-01-19 06:38:07,2022-01-20 06:38:07 UTC
86,open system,Accessory,6.11,2022-03-10 22:03:36,2022-03-12 22:03:36 UTC
87,hub,Supplements,21.39,2021-08-03 01:07:51,2021-08-05 01:07:51 UTC
88,methodical,Equipment,57.58,2021-09-24 21:44:14,2021-09-26 21:44:14 UTC
89,5th generation,Housing,61.02,2021-04-27 20:27:45,2021-04-30 20:27:45 UTC
90,dynamic,Supplements,34.58,2021-08-10 03:32:07,2021-08-10 03:32:07 UTC
91,intangible,Medicine,17.82,2021-07-03 08:47:01,2021-07-03 08:47:01 UTC
92,Persevering,Medicine,66.62,2021-12-16 23:04:43,2021-12-17 23:04:43 UTC
93,client-server,Accessory,68.57,2021-04-01 13:16:52,2021-04-02 13:16:52 UTC
94,utilisation,Equipment,30.0,2021-10-31 23:48:10,2021-10-31 23:48:10 UTC
95,3rd generation,Equipment,58.69,2021-04-06 17:59:54,2021-04-08 17:59:54 UTC
96,foreground,Snack,26.63,2022-02-24 06:54:19,2022-02-25 06:54:19 UTC
97,User-centric,Food,17.93,2021-10-10 23:18:17,2021-10-13 23:18:17 UTC
98,Balanced,Toys,35.77,2021-11-14 12:52:58,2021-11-15 12:52:58 UTC
99,upward-trending,Food,59.15,2022-02-01 15:07:39,2022-02-04 15:07:39 UTC
100,zero defect,Supplements,43.77,2022-01-22 02:12:09,2022-01-23 02:12:09 UTC
101,Profit-focused,Toys,37.94,2021-03-24 14:31:36,2021-03-25 14:31:36 UTC
102,Grass-roots,Toys,69.89,2021-07-30 21:45:55,2021-07-31 21:45:55 UTC
103,multi-state,Bedding,11.85,2021-12-27 10:14:47,2021-12-29 10:14:47 UTC
104,Enhanced,Snack,26.41,2021-03-14 07:59:18,2021-03-16 07:59:18 UTC
105,open system,Housing,44.8,2021-04-22 07:05:00,2021-04-24 07:05:00 UTC
106,Digitized,Toys,9.64,2021-12-20 12:56:27,2021-12-20 12:56:27 UTC
107,uniform,Snack,50.86,2021-11-22 20:16:01,2021-11-23 20:16:01 UTC
108,fault-tolerant,Accessory,11.59,2021-08-26 17:01:34,2021-08-28 17:01:34 UTC
109,holistic,Snack,15.52,2021-07-18 16:39:33,2021-07-21 16:39:33 UTC
110,circuit,Equipment,63.17,2021-05-10 02:00:46,2021-05-13 02:00:46 UTC
111,Centralized,Equipment,28.49,2022-01-29 07:45:34,2022-02-01 07:45:34 UTC
112,Enterprise-wide,Medicine,1.94,2022-01-28 03:58:58,2022-01-28 03:58:58 UTC
113,24/7,Bedding,28.26,2021-11-11 01:27:34,2021-11-11 01:27:34 UTC
114,Compatible,Toys,44.67,2021-10-30 00:37:59,2021-10-31 00:37:59 UTC
115,Down-sized,Accessory,75.94,2021-04-22 21:39:08,2021-04-22 21:39:08 UTC
116,capacity,Medicine,12.02,2021-06-01 15:08:23,2021-06-01 15:08:23 UTC
117,firmware,Equipment,16.28,2021-05-26 07:30:06,2021-05-28 07:30:06 UTC
118,Synergized,Snack,67.16,2021-06-24 16:51:34,2021-06-25 16:51:34 UTC
119,hub,Snack,66.23,2021-06-13 09:21:05,2021-06-16 09:21:05 UTC
120,even-keeled,Grooming,53.46,2021-06-27 07:56:28,2021-06-27 07:56:28 UTC
121,didactic,Medicine,49.91,2022-02-07 07:50:46,2022-02-08 07:50:46 UTC
122,web-enabled,Food,58.35,2021-07-24 02:03:44,2021-07-25 02:03:44 UTC
123,Assimilated,Bedding,23.91,2021-12-01 19:33:14,2021-12-03 19:33:14 UTC
124,Configurable,Clothes,25.46,2021-09-22 19:01:54,2021-09-25 19:01:54 UTC
125,website,Accessory,67.07,2021-04-05 04:20:45,2021-04-05 04:20:45 UTC
126,hub,Bedding,71.46,2021-07-05 23:00:32,2021-07-06 23:00:32 UTC
127,throughput,Housing,5.82,2021-05-12 12:32:26,2021-05-15 12:32:26 UTC
128,4th generation,Snack,4.88,2021-04-12 19:15:35,2021-04-13 19:15:35 UTC
129,non-volatile,Toys,10.16,2021-05-20 09:06:18,2021-05-23 09:06:18 UTC
130,exuding,Food,51.87,2021-12-06 14:14:11,2021-12-06 14:14:11 UTC
131,Multi-layered,Clothes,47.63,2021-07-09 01:13:08,2021-07-11 01:13:08 UTC
132,Object-based,Medicine,46.74,2021-10-02 18:29:42,2021-10-04 18:29:42 UTC
133,Optional,Snack,71.6,2021-08-22 16:49:57,2021-08-22 16:49:57 UTC
134,User-friendly,Toys,64.48,2021-10-13 08:27:57,2021-10-15 08:27:57 UTC
135,content-based,Medicine,39.44,2021-12-16 06:21:40,2021-12-19 06:21:40 UTC
136,incremental,Snack,35.61,2021-06-28 22:52:05,2021-06-29 22:52:05 UTC
137,website,Equipment,78.08,2021-10-12 15:32:04,2021-10-13 15:32:04 UTC
138,Diverse,Equipment,5.51,2022-01-02 07:58:06,2022-01-02 07:58:06 UTC
139,hybrid,Grooming,35.41,2022-02-06 04:33:08,2022-02-09 04:33:08 UTC
140,concept,Supplements,62.47,2021-05-13 09:10:02,2021-05-15 09:10:02 UTC
141,Stand-alone,Snack,52.05,2021-11-27 01:45:43,2021-11-30 01:45:43 UTC
142,frame,Supplements,60.9,2021-08-25 16:55:44,2021-08-28 16:55:44 UTC
143,next generation,Supplements,72.25,2021-05-19 15:53:39,2021-05-20 15:53:39 UTC
144,empowering,Snack,76.19,2021-05-10 21:04:49,2021-05-10 21:04:49 UTC
145,utilisation,Toys,17.25,2021-05-11 06:16:40,2021-05-11 06:16:40 UTC
146,Up-sized,Housing,48.63,2022-01-09 04:13:07,2022-01-12 04:13:07 UTC
147,flexibility,Housing,13.1,2021-11-15 13:23:03,2021-11-18 13:23:03 UTC
148,Innovative,Toys,57.74,2021-07-26 08:12:31,2021-07-28 08:12:31 UTC
149,secondary,Toys,4.15,2022-01-06 00:08:09,2022-01-06 00:08:09 UTC
150,directional,Toys,57.09,2021-11-16 03:49:31,2021-11-17 03:49:31 UTC
151,installation,Medicine,66.97,2021-12-10 09:07:56,2021-12-13 09:07:56 UTC
152,orchestration,Food,34.9,2021-06-16 13:56:04,2021-06-17 13:56:04 UTC
153,zero administration,Equipment,2.19,2021-05-07 15:45:10,2021-05-10 15:45:10 UTC
154,Public-key,Snack,21.19,2021-05-05 17:22:28,2021-05-07 17:22:28 UTC
155,monitoring,Snack,20.18,2021-04-12 19:03:49,2021-04-15 19:03:49 UTC
156,Multi-tiered,Toys,2.14,2022-02-01 18:36:11,2022-02-01 18:36:11 UTC
157,Synergistic,Snack,77.54,2021-10-14 10:12:28,2021-10-16 10:12:28 UTC
158,context-sensitive,Toys,17.1,2022-01-19 14:25:05,2022-01-20 14:25:05 UTC
159,superstructure,Snack,11.88,2021-12-24 15:19:30,2021-12-26 15:19:30 UTC
160,asynchronous,Equipment,76.96,2021-07-13 14:26:49,2021-07-13 14:26:49 UTC
161,strategy,Equipment,77.51,2021-12-30 16:59:12,2022-01-01 16:59:12 UTC
162,Progressive,Equipment,6.05,2021-09-14 13:07:50,2021-09-14 13:07:50 UTC
163,dynamic,Medicine,5.87,2021-08-22 13:28:55,2021-08-22 13:28:55 UTC
164,initiative,Supplements,2.12,2021-08-07 22:30:32,2021-08-10 22:30:32 UTC
165,parallelism,Snack,74.77,2021-10-08 03:41:08,2021-10-11 03:41:08 UTC
166,circuit,Snack,33.89,2021-06-27 11:57:48,2021-06-27 11:57:48 UTC
167,groupware,Accessory,70.56,2021-07-18 10:49:30,2021-07-20 10:49:30 UTC
168,tangible,Medicine,36.09,2021-07-18 12:28:00,2021-07-18 12:28:00 UTC
169,Cross-platform,Toys,21.88,2021-04-17 19:31:39,2021-04-19 19:31:39 UTC
170,contingency,Accessory,76.82,2021-12-02 04:07:57,2021-12-04 04:07:57 UTC
171,orchestration,Toys,78.14,2021-06-08 07:33:48,2021-06-08 07:33:48 UTC
172,help-desk,Medicine,29.65,2021-09-26 01:44:32,2021-09-27 01:44:32 UTC
173,toolset,Snack,3.38,2021-12-07 21:37:14,2021-12-08 21:37:14 UTC
174,Devolved,Grooming,26.26,2021-05-04 10:59:45,2021-05-05 10:59:45 UTC
175,neutral,Food,26.25,2021-09-02 18:27:21,2021-09-05 18:27:21 UTC
176,Reactive,Medicine,69.59,2021-09-08 18:09:02,2021-09-09 18:09:02 UTC
177,Open-architected,Supplements,79.08,2021-03-14 21:29:46,2021-03-15 21:29:46 UTC
178,Self-enabling,Housing,9.76,2021-05-29 20:01:10,2021-05-29 20:01:10 UTC
179,leading edge,Accessory,41.16,2021-07-21 19:20:55,2021-07-23 19:20:55 UTC
180,Digitized,Food,44.91,2021-06-02 13:55:55,2021-06-04 13:55:55 UTC
181,eco-centric,Grooming,5.72,2021-04-21 01:19:18,2021-04-22 01:19:18 UTC
182,Inverse,Grooming,13.01,2021-07-18 18:25:54,2021-07-21 18:25:54 UTC
183,executive,Equipment,59.22,2021-06-12 22:05:29,2021-06-12 22:05:29 UTC
184,Horizontal,Supplements,75.89,2021-07-10 03:49:50,2021-07-10 03:49:50 UTC
185,Organized,Equipment,56.31,2022-02-24 18:15:46,2022-02-27 18:15:46 UTC
186,dedicated,Food,18.76,2021-08-02 13:36:59,2021-08-05 13:36:59 UTC
187,projection,Accessory,6.08,2021-03-22 09:52:10,2021-03-22 09:52:10 UTC
188,non-volatile,Equipment,72.42,2021-04-14 07:08:10,2021-04-14 07:08:10 UTC
189,interactive,Food,32.66,2021-05-20 18:12:11,2021-05-22 18:12:11 UTC
190,Profit-focused,Bedding,10.13,2022-01-23 05:20:26,2022-01-24 05:20:26 UTC
191,user-facing,Grooming,57.54,2021-12-25 04:40:01,2021-12-26 04:40:01 UTC
192,zero tolerance,Housing,72.79,2021-08-11 22:14:36,2021-08-11 22:14:36 UTC
193,Fully-configurable,Medicine,73.72,2021-09-17 14:31:48,2021-09-18 14:31:48 UTC
194,solution-oriented,Toys,69.06,2021-09-16 01:05:48,2021-09-17 01:05:48 UTC
195,Fully-configurable,Equipment,67.1,2021-05-13 04:57:45,2021-05-13 04:57:45 UTC
196,Total,Toys,24.25,2022-01-18 13:02:58,2022-01-20 13:02:58 UTC
197,open system,Toys,79.39,2022-02-21 01:23:27,2022-02-23 01:23:27 UTC
198,Sharable,Accessory,34.38,2021-05-21 05:29:29,2021-05-21 05:29:29 UTC
199,Cross-group,Grooming,17.09,2021-06-28 10:14:36,2021-06-28 10:14:36 UTC
200,product,Equipment,30.34,2021-07-21 02:35:37,2021-07-22 02:35:37 UTC
201,array,Snack,26.6,2021-06-05 05:16:36,2021-06-07 05:16:36 UTC
202,mobile,Toys,39.59,2021-06-30 05:03:28,2021-07-02 05:03:28 UTC
203,middleware,Toys,49.17,2022-01-27 22:31:21,2022-01-30 22:31:21 UTC
204,needs-based,Equipment,8.82,2021-05-30 06:39:10,2021-06-02 06:39:10 UTC
205,Streamlined,Accessory,68.42,2021-04-21 20:13:18,2021-04-22 20:13:18 UTC
206,Face to face,Equipment,27.7,2021-10-13 04:17:18,2021-10-14 04:17:18 UTC
207,Fully-configurable,Bedding,5.01,2021-04-27 08:24:37,2021-04-27 08:24:37 UTC
208,challenge,Clothes,18.56,2022-02-08 00:37:18,2022-02-10 00:37:18 UTC
209,Reduced,Equipment,71.58,2022-02-27 00:40:46,2022-03-01 00:40:46 UTC
210,mission-critical,Grooming,49.3,2021-03-18 23:39:22,2021-03-20 23:39:22 UTC
211,system engine,Supplements,78.49,2021-12-31 03:03:29,2022-01-03 03:03:29 UTC
212,Profit-focused,Snack,15.21,2021-04-19 03:08:25,2021-04-22 03:08:25 UTC
213,Multi-lateral,Medicine,56.14,2021-07-27 04:37:35,2021-07-30 04:37:35 UTC
214,context-sensitive,Food,75.45,2021-05-07 20:08:08,2021-05-07 20:08:08 UTC
215,Decentralized,Toys,45.71,2021-07-04 02:29:49,2021-07-07 02:29:49 UTC
216,User-friendly,Medicine,1.4,2022-02-20 16:50:41,2022-02-21 16:50:41 UTC
217,customer loyalty,Snack,40.28,2021-07-27 14:28:04,2021-07-29 14:28:04 UTC
218,even-keeled,Equipment,32.86,2021-08-29 06:37:00,2021-08-29 06:37:00 UTC
219,Configurable,Housing,53.99,2022-02-15 14:01:55,2022-02-16 14:01:55 UTC
220,leverage,Toys,65.5,2021-10-21 09:32:23,2021-10-24 09:32:23 UTC
221,24 hour,Grooming,13.62,2021-08-18 05:56:10,2021-08-18 05:56:10 UTC
222,Business-focused,Snack,65.56,2022-01-31 14:00:17,2022-02-01 14:00:17 UTC
223,hub,Toys,30.4,2022-02-06 02:51:56,2022-02-07 02:51:56 UTC
224,hybrid,Equipment,18.59,2021-09-29 07:45:12,2021-10-02 07:45:12 UTC
225,Customer-focused,Toys,64.65,2021-12-05 16:42:57,2021-12-05 16:42:57 UTC
226,architecture,Snack,68.37,2022-02-25 01:11:35,2022-02-25 01:11:35 UTC
227,discrete,Supplements,34.7,2021-12-24 03:32:23,2021-12-26 03:32:23 UTC
228,Organic,Housing,32.92,2021-12-27 00:30:09,2021-12-30 00:30:09 UTC
229,focus group,Snack,75.72,2021-11-12 11:51:14,2021-11-13 11:51:14 UTC
230,Front-line,Equipment,32.14,2021-10-08 09:02:07,2021-10-11 09:02:07 UTC
231,toolset,Supplements,61.06,2021-07-12 06:40:29,2021-07-14 06:40:29 UTC
232,definition,Accessory,32.38,2021-12-18 04:12:35,2021-12-18 04:12:35 UTC
233,Grass-roots,Grooming,26.49,2021-10-09 17:23:58,2021-10-09 17:23:58 UTC
234,eco-centric,Equipment,47.44,2021-12-01 15:57:24,2021-12-04 15:57:24 UTC
235,scalable,Equipment,67.89,2021-03-14 01:50:45,2021-03-15 01:50:45 UTC
236,Distributed,Clothes,12.67,2021-06-03 13:34:56,2021-06-06 13:34:56 UTC
237,Graphical User Interface,Equipment,13.72,2021-03-12 11:40:29,2021-03-13 11:40:29 UTC
238,regional,Clothes,49.53,2021-12-03 07:48:28,2021-12-03 07:48:28 UTC
239,fault-tolerant,Food,7.99,2021-05-15 06:51:24,2021-05-15 06:51:24 UTC
240,approach,Snack,64.22,2021-05-03 20:41:01,2021-05-05 20:41:01 UTC
241,analyzer,Clothes,3.69,2022-01-09 12:12:28,2022-01-12 12:12:28 UTC
242,Phased,Snack,74.92,2022-03-10 21:53:50,2022-03-13 21:53:50 UTC
243,high-level,Bedding,54.62,2021-10-18 00:47:40,2021-10-21 00:47:40 UTC
244,Distributed,Accessory,14.32,2021-10-11 00:14:25,2021-10-12 00:14:25 UTC
245,Adaptive,Toys,31.39,2021-05-03 11:45:34,2021-05-04 11:45:34 UTC
246,solution-oriented,Supplements,58.53,2022-01-05 22:46:14,2022-01-08 22:46:14 UTC
247,leading edge,Equipment,52.15,2021-11-19 16:11:57,2021-11-22 16:11:57 UTC
248,challenge,Toys,12.51,2022-02-07 09:52:41,2022-02-08 09:52:41 UTC
249,initiative,Housing,55.9,2021-07-27 15:34:39,2021-07-29 15:34:39 UTC
250,Advanced,Snack,36.95,2021-08-19 12:59:33,2021-08-22 12:59:33 UTC
251,transitional,Food,2.75,2022-03-01 17:26:59,2022-03-04 17:26:59 UTC
252,parallelism,Medicine,34.62,2021-09-26 02:42:23,2021-09-28 02:42:23 UTC
253,Polarised,Snack,7.95,2021-12-31 09:34:58,2021-12-31 09:34:58 UTC
254,Innovative,Equipment,58.4,2021-09-22 05:37:29,2021-09-24 05:37:29 UTC
255,Phased,Medicine,74.49,2021-12-17 04:58:02,2021-12-19 04:58:02 UTC
256,algorithm,Bedding,8.3,2021-09-16 00:12:19,2021-09-18 00:12:19 UTC
257,contingency,Toys,75.06,2021-11-10 07:39:51,2021-11-13 07:39:51 UTC
258,encompassing,Equipment,9.92,2022-01-30 04:29:11,2022-02-02 04:29:11 UTC
259,contingency,Medicine,11.6,2021-07-18 12:38:03,2021-07-20 12:38:03 UTC
260,model,Supplements,1.93,2021-04-25 04:02:19,2021-04-28 04:02:19 UTC
261,orchestration,Toys,24.96,2021-05-28 20:44:38,2021-05-30 20:44:38 UTC
262,protocol,Bedding,52.51,2021-03-21 11:31:18,2021-03-24 11:31:18 UTC
263,parallelism,Snack,48.03,2021-10-09 04:40:24,2021-10-10 04:40:24 UTC
264,uniform,Supplements,31.74,2021-09-05 09:07:31,2021-09-05 09:07:31 UTC
265,bifurcated,Equipment,74.49,2021-04-26 13:12:19,2021-04-27 13:12:19 UTC
266,support,Toys,69.1,2021-11-02 01:01:24,2021-11-04 01:01:24 UTC
267,Open-architected,Food,28.04,2021-05-27 17:19:30,2021-05-29 17:19:30 UTC
268,background,Equipment,70.69,2021-08-22 12:09:48,2021-08-25 12:09:48 UTC
269,value-added,Accessory,1.18,2021-10-04 03:48:29,2021-10-06 03:48:29 UTC
270,superstructure,Medicine,47.55,2021-04-28 23:38:08,2021-04-30 23:38:08 UTC
271,challenge,Bedding,44.37,2021-05-10 20:54:19,2021-05-13 20:54:19 UTC
272,intangible,Bedding,67.42,2021-07-27 17:09:12,2021-07-28 17:09:12 UTC
273,Realigned,Accessory,73.61,2021-12-19 08:28:10,2021-12-20 08:28:10 UTC
274,value-added,Toys,57.41,2021-08-03 05:51:09,2021-08-03 05:51:09 UTC
275,Customer-focused,Equipment,33.05,2021-08-14 16:23:26,2021-08-15 16:23:26 UTC
276,Optimized,Toys,61.48,2022-03-03 04:27:36,2022-03-06 04:27:36 UTC
277,full-range,Housing,37.2,2021-05-15 18:25:26,2021-05-16 18:25:26 UTC
278,regional,Toys,64.35,2021-09-14 15:32:52,2021-09-17 15:32:52 UTC
279,frame,Toys,73.87,2021-12-04 17:12:50,2021-12-05 17:12:50 UTC
280,Programmable,Snack,53.1,2021-05-15 04:04:40,2021-05-16 04:04:40 UTC
281,Graphical User Interface,Snack,62.49,2021-07-11 12:57:30,2021-07-14 12:57:30 UTC
282,full-range,Toys,48.78,2021-08-22 21:01:24,2021-08-22 21:01:24 UTC
283,impactful,Supplements,66.97,2021-10-11 02:49:03,2021-10-14 02:49:03 UTC
284,24/7,Clothes,27.42,2021-09-30 08:06:13,2021-10-01 08:06:13 UTC
285,toolset,Accessory,10.55,2021-04-08 09:49:09,2021-04-09 09:49:09 UTC
286,process improvement,Food,28.99,2022-02-16 22:40:00,2022-02-18 22:40:00 UTC
287,heuristic,Accessory,5.42,2021-12-03 06:34:12,2021-12-04 06:34:12 UTC
288,client-driven,Bedding,76.7,2021-10-31 00:05:41,2021-11-03 00:05:41 UTC
289,algorithm,Equipment,14.42,2022-01-25 08:38:18,2022-01-28 08:38:18 UTC
290,productivity,Equipment,52.88,2021-12-10 23:33:31,2021-12-11 23:33:31 UTC
291,analyzer,Toys,68.65,2021-12-01 15:24:52,2021-12-01 15:24:52 UTC
292,functionalities,Supplements,41.0,2021-09-01 07:07:18,2021-09-03 07:07:18 UTC
293,adapter,Snack,1.61,2021-04-28 17:17:27,2021-04-28 17:17:27 UTC
294,holistic,Supplements,45.99,2022-02-25 22:36:31,2022-02-25 22:36:31 UTC
295,concept,Equipment,16.64,2021-04-02 07:30:01,2021-04-02 07:30:01 UTC
296,Optimized,Grooming,50.74,2021-04-22 04:30:36,2021-04-24 04:30:36 UTC
297,pricing structure,Accessory,79.09,2021-07-11 13:37:30,2021-07-11 13:37:30 UTC
298,User-friendly,Snack,11.14,2021-10-25 00:53:58,2021-10-28 00:53:58 UTC
299,Re-contextualized,Toys,41.23,2021-08-06 14:23:18,2021-08-09 14:23:18 UTC
300,discrete,Supplements,35.01,2021-03-25 07:27:32,2021-03-26 07:27:32 UTC
301,Sharable,Toys,48.37,2022-01-07 20:50:17,2022-01-08 20:50:17 UTC
302,Upgradable,Snack,43.27,2021-05-13 14:02:07,2021-05-16 14:02:07 UTC
303,Advanced,Accessory,76.33,2021-10-22 17:10:07,2021-10-25 17:10:07 UTC
304,empowering,Food,78.26,2021-08-26 23:54:51,2021-08-26 23:54:51 UTC
305,success,Bedding,64.52,2022-02-05 09:54:08,2022-02-07 09:54:08 UTC
306,Balanced,Toys,7.77,2021-09-02 05:04:20,2021-09-05 05:04:20 UTC
307,client-driven,Equipment,56.74,2021-04-11 04:55:54,2021-04-12 04:55:54 UTC
308,process improvement,Food,3.38,2022-03-06 08:18:29,2022-03-09 08:18:29 UTC
309,Enterprise-wide,Grooming,19.5,2021-10-03 21:19:40,2021-10-03 21:19:40 UTC
310,Visionary,Toys,41.04,2021-11-06 16:11:26,2021-11-09 16:11:26 UTC
311,conglomeration,Bedding,44.74,2021-08-21 13:31:29,2021-08-23 13:31:29 UTC
312,contingency,Equipment,31.05,2021-03-31 13:03:40,2021-03-31 13:03:40 UTC
313,encoding,Equipment,19.96,2021-04-27 05:48:47,2021-04-29 05:48:47 UTC
314,Intuitive,Supplements,66.54,2022-01-16 19:07:16,2022-01-17 19:07:16 UTC
315,responsive,Toys,39.63,2021-10-08 00:28:02,2021-10-10 00:28:02 UTC
316,Re-contextualized,Equipment,26.43,2021-06-09 06:43:37,2021-06-11 06:43:37 UTC
317,synergy,Snack,59.4,2021-08-18 23:44:51,2021-08-18 23:44:51 UTC
318,full-range,Supplements,14.15,2021-06-06 23:48:31,2021-06-07 23:48:31 UTC
319,application,Toys,55.56,2022-02-21 20:03:00,2022-02-21 20:03:00 UTC
320,5th generation,Grooming,78.32,2022-02-24 08:29:04,2022-02-26 08:29:04 UTC
321,Switchable,Equipment,50.26,2022-03-01 13:25:09,2022-03-03 13:25:09 UTC
322,Sharable,Accessory,37.59,2021-10-15 13:51:33,2021-10-15 13:51:33 UTC
323,portal,Supplements,11.06,2021-09-23 10:25:09,2021-09-24 10:25:09 UTC
324,24 hour,Snack,67.67,2021-10-02 20:24:05,2021-10-02 20:24:05 UTC
325,Phased,Equipment,11.74,2021-11-12 01:15:23,2021-11-13 01:15:23 UTC
326,real-time,Toys,11.13,2021-07-19 06:28:13,2021-07-20 06:28:13 UTC
327,website,Toys,19.46,2021-06-27 11:53:12,2021-06-29 11:53:12 UTC
328,user-facing,Snack,23.29,2021-08-25 12:56:06,2021-08-26 12:56:06 UTC
329,interface,Housing,34.56,2021-10-05 22:04:42,2021-10-05 22:04:42 UTC
330,coherent,Equipment,67.33,2021-03-22 12:01:34,2021-03-24 12:01:34 UTC
331,local area network,Supplements,20.6,2021-08-14 12:56:42,2021-08-15 12:56:42 UTC
332,Reactive,Accessory,36.32,2022-03-08 03:15:46,2022-03-10 03:15:46 UTC
333,intermediate,Equipment,43.02,2021-04-19 18:11:59,2021-04-21 18:11:59 UTC
334,hub,Snack,73.13,2021-09-22 20:51:18,2021-09-23 20:51:18 UTC
335,methodical,Equipment,62.74,2021-05-30 15:41:12,2021-06-02 15:41:12 UTC
336,explicit,Clothes,68.24,2022-01-16 19:34:38,2022-01-16 19:34:38 UTC
337,installation,Clothes,70.14,2022-02-02 14:37:20,2022-02-05 14:37:20 UTC
338,incremental,Medicine,17.63,2021-07-23 07:39:21,2021-07-24 07:39:21 UTC
339,leverage,Toys,56.14,2021-12-18 05:39:08,2021-12-18 05:39:08 UTC
340,User-centric,Food,71.77,2021-06-08 15:48:00,2021-06-10 15:48:00 UTC
341,intermediate,Snack,14.29,2021-05-19 18:56:16,2021-05-19 18:56:16 UTC
342,multimedia,Snack,17.88,2022-01-26 02:13:05,2022-01-27 02:13:05 UTC
343,asymmetric,Toys,42.12,2022-02-09 04:06:47,2022-02-09 04:06:47 UTC
344,Networked,Medicine,27.61,2021-08-27 00:23:53,2021-08-27 00:23:53 UTC
345,software,Toys,62.91,2021-06-13 15:51:48,2021-06-16 15:51:48 UTC
346,groupware,Toys,13.95,2021-04-15 10:34:52,2021-04-16 10:34:52 UTC
347,optimal,Supplements,64.11,2021-10-26 10:31:19,2021-10-27 10:31:19 UTC
348,Mandatory,Food,48.69,2021-05-17 20:01:49,2021-05-17 20:01:49 UTC
349,Down-sized,Grooming,41.65,2021-10-13 09:59:54,2021-10-14 09:59:54 UTC
350,utilisation,Medicine,9.65,2021-03-16 07:29:40,2021-03-16 07:29:40 UTC
351,instruction set,Medicine,29.66,2021-08-20 11:51:41,2021-08-20 11:51:41 UTC
352,even-keeled,Snack,44.32,2021-04-12 21:58:44,2021-04-13 21:58:44 UTC
353,scalable,Accessory,61.34,2021-06-22 09:12:18,2021-06-25 09:12:18 UTC
354,infrastructure,Food,54.98,2022-02-05 00:12:12,2022-02-06 00:12:12 UTC
355,scalable,Housing,35.94,2021-05-22 09:34:15,2021-05-25 09:34:15 UTC
356,Business-focused,Toys,51.71,2021-08-24 06:22:05,2021-08-27 06:22:05 UTC
357,Multi-layered,Accessory,75.36,2021-08-12 09:27:36,2021-08-15 09:27:36 UTC
358,dynamic,Supplements,62.55,2021-11-18 16:39:39,2021-11-18 16:39:39 UTC
359,Programmable,Snack,13.76,2021-06-22 04:50:28,2021-06-24 04:50:28 UTC
360,Assimilated,Supplements,35.11,2022-02-16 10:43:24,2022-02-17 10:43:24 UTC
361,systemic,Grooming,4.28,2021-05-04 10:35:30,2021-05-07 10:35:30 UTC
362,frame,Housing,63.21,2021-08-26 15:42:25,2021-08-29 15:42:25 UTC
363,3rd generation,Supplements,65.51,2021-09-06 05:03:30,2021-09-09 05:03:30 UTC
364,multi-state,Snack,22.57,2022-02-23 10:37:32,2022-02-26 10:37:32 UTC
365,fresh-thinking,Medicine,18.9,2021-06-02 21:50:02,2021-06-03 21:50:02 UTC
366,secondary,Clothes,30.18,2021-08-13 07:21:01,2021-08-16 07:21:01 UTC
367,Self-enabling,Toys,35.59,2021-04-16 07:23:57,2021-04-18 07:23:57 UTC
368,clear-thinking,Clothes,53.17,2021-10-06 03:01:40,2021-10-07 03:01:40 UTC
369,6th generation,Toys,40.94,2021-04-14 11:08:11,2021-04-15 11:08:11 UTC
370,tertiary,Supplements,7.69,2022-01-08 15:00:07,2022-01-08 15:00:07 UTC
371,protocol,Housing,30.08,2021-05-02 11:03:49,2021-05-04 11:03:49 UTC
372,asynchronous,Toys,38.79,2021-11-25 05:31:20,2021-11-25 05:31:20 UTC
373,Enhanced,Grooming,78.77,2021-09-24 04:55:01,2021-09-27 04:55:01 UTC
374,well-modulated,Medicine,16.99,2021-11-02 21:01:23,2021-11-05 21:01:23 UTC
375,forecast,Supplements,45.84,2021-07-01 13:33:55,2021-07-01 13:33:55 UTC
376,asymmetric,Bedding,69.1,2021-09-29 08:24:57,2021-09-29 08:24:57 UTC
377,standardization,Snack,36.17,2021-04-10 15:32:20,2021-04-10 15:32:20 UTC
378,optimal,Accessory,8.77,2021-09-10 07:00:01,2021-09-10 07:00:01 UTC
379,paradigm,Toys,10.76,2021-07-19 00:32:30,2021-07-20 00:32:30 UTC
380,service-desk,Snack,52.92,2021-08-29 23:48:29,2021-08-29 23:48:29 UTC
381,Optional,Toys,55.34,2021-06-04 08:31:09,2021-06-06 08:31:09 UTC
382,Multi-layered,Accessory,68.54,2021-05-21 08:35:15,2021-05-22 08:35:15 UTC
383,directional,Snack,5.71,2021-11-11 08:03:22,2021-11-13 08:03:22 UTC
384,exuding,Equipment,10.62,2022-03-10 07:12:23,2022-03-10 07:12:23 UTC
385,Centralized,Toys,42.93,2021-07-22 20:20:02,2021-07-25 20:20:02 UTC
386,Reactive,Toys,74.83,2021-10-29 08:14:49,2021-10-30 08:14:49 UTC
387,capability,Snack,43.62,2021-11-26 18:48:17,2021-11-27 18:48:17 UTC
388,Automated,Food,70.5,2021-07-29 23:16:42,2021-07-29 23:16:42 UTC
389,toolset,Medicine,22.66,2021-05-01 05:59:10,2021-05-03 05:59:10 UTC
390,Integrated,Clothes,69.23,2021-04-01 06:57:09,2021-04-01 06:57:09 UTC
391,extranet,Bedding,20.95,2021-12-29 22:53:38,2022-01-01 22:53:38 UTC
392,Enhanced,Medicine,38.88,2021-04-19 22:01:22,2021-04-21 22:01:22 UTC
393,Mandatory,Housing,74.01,2021-10-23 02:01:40,2021-10-26 02:01:40 UTC
394,Robust,Medicine,31.07,2021-11-14 10:39:07,2021-11-16 10:39:07 UTC
395,Exclusive,Grooming,48.9,2021-05-18 20:26:41,2021-05-21 20:26:41 UTC
396,secured line,Equipment,36.36,2022-03-05 09:20:34,2022-03-08 09:20:34 UTC
397,Extended,Toys,2.59,2021-09-13 19:31:29,2021-09-15 19:31:29 UTC
398,24 hour,Snack,39.28,2022-01-20 17:08:10,2022-01-20 17:08:10 UTC
399,archive,Medicine,12.64,2021-12-05 01:42:40,2021-12-07 01:42:40 UTC
400,disintermediate,Equipment,39.59,2021-08-03 16:50:52,2021-08-04 16:50:52 UTC
401,knowledge user,Equipment,25.4,2021-12-30 05:30:29,2021-12-31 05:30:29 UTC
402,Ergonomic,Medicine,18.13,2021-08-03 00:55:53,2021-08-03 00:55:53 UTC
403,Multi-channelled,Snack,59.14,2021-05-26 03:46:34,2021-05-28 03:46:34 UTC
404,toolset,Clothes,14.44,2021-07-15 21:34:17,2021-07-16 21:34:17 UTC
405,installation,Snack,43.59,2021-04-03 22:59:04,2021-04-03 22:59:04 UTC
406,value-added,Equipment,75.43,2021-05-24 00:17:41,2021-05-27 00:17:41 UTC
407,real-time,Food,32.81,2021-06-12 05:52:06,2021-06-13 05:52:06 UTC
408,mission-critical,Equipment,24.58,2021-10-27 00:43:32,2021-10-30 00:43:32 UTC
409,hybrid,Accessory,32.98,2021-04-22 20:42:42,2021-04-23 20:42:42 UTC
410,Switchable,Snack,60.31,2022-03-10 15:49:19,2022-03-11 15:49:19 UTC
411,project,Medicine,55.7,2022-01-23 08:32:13,2022-01-26 08:32:13 UTC
412,capacity,Toys,33.5,2021-06-20 00:33:32,2021-06-22 00:33:32 UTC
413,Proactive,Snack,53.89,2022-01-09 13:48:53,2022-01-09 13:48:53 UTC
414,Public-key,Supplements,15.06,2021-05-25 17:33:04,2021-05-28 17:33:04 UTC
415,strategy,Medicine,74.07,2022-01-02 02:13:13,2022-01-05 02:13:13 UTC
416,capability,Snack,25.19,2021-04-16 14:44:00,2021-04-17 14:44:00 UTC
417,Right-sized,Housing,71.3,2021-05-14 16:14:27,2021-05-16 16:14:27 UTC
418,Optimized,Snack,68.74,2021-05-10 01:30:45,2021-05-10 01:30:45 UTC
419,Streamlined,Food,69.42,2022-01-04 17:12:41,2022-01-04 17:12:41 UTC
420,Balanced,Equipment,52.06,2021-06-16 03:45:16,2021-06-19 03:45:16 UTC
421,knowledge base,Toys,56.3,2021-11-19 01:32:55,2021-11-19 01:32:55 UTC
422,4th generation,Bedding,59.37,2021-06-07 12:32:13,2021-06-08 12:32:13 UTC
423,complexity,Supplements,23.12,2021-11-27 18:31:51,2021-11-28 18:31:51 UTC
424,Persistent,Toys,3.3,2021-07-10 23:27:24,2021-07-11 23:27:24 UTC
425,open architecture,Toys,51.51,2021-05-05 05:38:17,2021-05-05 05:38:17 UTC
426,Fully-configurable,Clothes,45.64,2021-10-19 14:45:33,2021-10-20 14:45:33 UTC
427,migration,Snack,78.17,2021-06-25 20:21:20,2021-06-28 20:21:20 UTC
428,next generation,Equipment,55.79,2021-11-21 20:14:34,2021-11-24 20:14:34 UTC
429,value-added,Toys,32.1,2021-08-16 11:19:28,2021-08-18 11:19:28 UTC
430,matrices,Snack,20.89,2021-05-07 02:31:34,2021-05-10 02:31:34 UTC
431,implementation,Bedding,36.41,2021-09-04 06:21:39,2021-09-05 06:21:39 UTC
432,Optional,Toys,44.65,2021-10-12 13:00:57,2021-10-15 13:00:57 UTC
433,customer loyalty,Bedding,21.35,2021-12-09 13:52:28,2021-12-11 13:52:28 UTC
434,approach,Equipment,26.41,2021-12-29 11:46:46,2021-12-30 11:46:46 UTC
435,hierarchy,Clothes,79.18,2022-01-07 12:19:52,2022-01-10 12:19:52 UTC
436,Stand-alone,Food,57.95,2021-06-29 20:06:13,2021-07-01 20:06:13 UTC
437,bifurcated,Equipment,3.07,2021-12-14 22:10:39,2021-12-16 22:10:39 UTC
438,full-range,Equipment,27.81,2022-02-17 20:00:00,2022-02-20 20:00:00 UTC
439,Right-sized,Accessory,21.62,2021-04-19 01:41:48,2021-04-19 01:41:48 UTC
440,knowledge user,Food,35.32,2021-04-13 08:05:52,2021-04-14 08:05:52 UTC
441,next generation,Supplements,76.87,2021-07-05 16:50:52,2021-07-06 16:50:52 UTC
442,dynamic,Supplements,65.95,2021-07-08 00:14:47,2021-07-11 00:14:47 UTC
443,3rd generation,Supplements,45.37,2021-05-09 14:28:21,2021-05-12 14:28:21 UTC
444,mobile,Clothes,41.08,2021-10-15 13:10:57,2021-10-18 13:10:57 UTC
445,groupware,Medicine,47.98,2021-12-18 02:22:30,2021-12-21 02:22:30 UTC
446,Reactive,Toys,55.73,2022-02-07 05:05:04,2022-02-07 05:05:04 UTC
447,Progressive,Supplements,74.61,2022-01-03 17:02:03,2022-01-06 17:02:03 UTC
448,clear-thinking,Bedding,65.86,2022-01-10 10:38:59,2022-01-12 10:38:59 UTC
449,De-engineered,Toys,36.88,2021-08-31 09:00:40,2021-09-01 09:00:40 UTC
450,Multi-channelled,Food,23.91,2021-05-05 16:46:41,2021-05-06 16:46:41 UTC
451,methodology,Food,65.29,2021-05-27 22:26:16,2021-05-29 22:26:16 UTC
452,local area network,Equipment,6.03,2021-04-08 22:57:32,2021-04-08 22:57:32 UTC
453,archive,Toys,12.94,2021-05-17 03:09:08,2021-05-19 03:09:08 UTC
454,Visionary,Toys,28.07,2021-10-15 18:44:27,2021-10-16 18:44:27 UTC
455,Pre-emptive,Food,8.65,2021-03-13 01:39:38,2021-03-14 01:39:38 UTC
456,budgetary management,Snack,14.82,2021-09-15 05:51:15,2021-09-15 05:51:15 UTC
457,bifurcated,Accessory,45.42,2021-05-23 05:06:08,2021-05-23 05:06:08 UTC
458,fault-tolerant,Equipment,41.64,2021-04-21 18:22:45,2021-04-23 18:22:45 UTC
459,Multi-lateral,Supplements,21.24,2021-09-08 18:24:03,2021-09-09 18:24:03 UTC
460,mobile,Accessory,72.43,2021-07-27 14:24:41,2021-07-29 14:24:41 UTC
461,approach,Supplements,56.58,2022-01-16 12:29:22,2022-01-16 12:29:22 UTC
462,Versatile,Supplements,48.33,2021-09-02 10:39:13,2021-09-02 10:39:13 UTC
463,knowledge user,Snack,50.5,2021-06-15 14:11:39,2021-06-17 14:11:39 UTC
464,Balanced,Housing,43.75,2022-01-20 22:27:37,2022-01-21 22:27:37 UTC
465,info-mediaries,Clothes,33.83,2022-02-06 20:03:55,2022-02-09 20:03:55 UTC
466,discrete,Toys,33.34,2021-11-15 16:18:25,2021-11-18 16:18:25 UTC
467,installation,Snack,11.67,2021-03-17 14:02:37,2021-03-20 14:02:37 UTC
468,foreground,Snack,2.7,2021-07-14 13:20:55,2021-07-16 13:20:55 UTC
469,background,Food,39.42,2021-04-19 03:32:24,2021-04-20 03:32:24 UTC
470,Stand-alone,Medicine,29.89,2021-06-14 23:23:44,2021-06-17 23:23:44 UTC
471,transitional,Toys,58.51,2021-05-21 03:58:35,2021-05-21 03:58:35 UTC
472,contingency,Snack,30.02,2021-11-15 11:39:12,2021-11-18 11:39:12 UTC
473,leading edge,Housing,63.99,2022-01-13 06:59:38,2022-01-13 06:59:38 UTC
474,stable,Equipment,22.45,2021-05-13 01:56:11,2021-05-16 01:56:11 UTC
475,dedicated,Food,33.75,2021-07-04 13:55:30,2021-07-06 13:55:30 UTC
476,Networked,Medicine,24.73,2022-02-10 15:35:02,2022-02-13 15:35:02 UTC
477,asymmetric,Bedding,2.32,2021-06-14 17:19:44,2021-06-17 17:19:44 UTC
478,mission-critical,Medicine,30.78,2021-09-17 10:35:43,2021-09-18 10:35:43 UTC
479,projection,Supplements,33.58,2021-05-06 09:37:52,2021-05-06 09:37:52 UTC
480,matrices,Medicine,58.39,2021-12-15 07:37:07,2021-12-18 07:37:07 UTC
481,fault-tolerant,Clothes,48.6,2021-10-25 15:15:36,2021-10-27 15:15:36 UTC
482,collaboration,Medicine,28.88,2022-02-22 18:06:55,2022-02-25 18:06:55 UTC
483,paradigm,Toys,68.65,2021-09-03 09:44:50,2021-09-06 09:44:50 UTC
484,Team-oriented,Supplements,30.09,2021-12-12 17:26:51,2021-12-15 17:26:51 UTC
485,Open-architected,Food,11.45,2021-12-14 06:30:50,2021-12-14 06:30:50 UTC
486,intranet,Housing,22.35,2021-08-09 01:05:29,2021-08-11 01:05:29 UTC
487,internet solution,Toys,55.1,2021-12-05 05:08:19,2021-12-05 05:08:19 UTC
488,motivating,Medicine,77.6,2021-10-28 02:55:21,2021-10-30 02:55:21 UTC
489,matrix,Toys,68.94,2021-04-09 21:13:30,2021-04-12 21:13:30 UTC
490,Inverse,Toys,35.42,2021-07-17 11:40:02,2021-07-17 11:40:02 UTC
491,Assimilated,Toys,70.17,2021-08-18 00:34:58,2021-08-18 00:34:58 UTC
492,open system,Supplements,71.41,2022-01-16 08:56:40,2022-01-18 08:56:40 UTC
493,Focused,Grooming,58.59,2021-07-05 04:06:37,2021-07-07 04:06:37 UTC
494,help-desk,Equipment,2.54,2021-10-17 12:18:07,2021-10-20 12:18:07 UTC
495,Streamlined,Medicine,64.21,2022-01-12 10:56:13,2022-01-12 10:56:13 UTC
496,homogeneous,Snack,77.35,2021-06-21 11:28:49,2021-06-21 11:28:49 UTC
497,Cloned,Toys,20.48,2021-04-25 22:24:22,2021-04-28 22:24:22 UTC
498,static,Housing,68.48,2022-01-28 09:17:47,2022-01-31 09:17:47 UTC
499,Profound,Housing,24.46,2021-10-26 21:11:40,2021-10-29 21:11:40 UTC
500,Re-engineered,Food,23.11,2021-05-07 08:05:19,2021-05-10 08:05:19 UTC
501,Compatible,Supplements,73.71,2021-08-21 03:03:13,2021-08-21 03:03:13 UTC
502,Organized,Toys,51.23,2021-03-16 01:07:44,2021-03-18 01:07:44 UTC
503,dedicated,Clothes,39.71,2021-05-27 22:33:14,2021-05-30 22:33:14 UTC
504,User-centric,Toys,17.9,2021-09-28 09:09:26,2021-09-30 09:09:26 UTC
505,needs-based,Toys,2.09,2021-06-04 21:20:18,2021-06-05 21:20:18 UTC
506,open system,Snack,58.84,2022-01-22 14:07:57,2022-01-22 14:07:57 UTC
507,Multi-tiered,Medicine,13.05,2021-11-15 19:40:55,2021-11-17 19:40:55 UTC
508,regional,Equipment,53.11,2021-06-20 16:59:31,2021-06-20 16:59:31 UTC
509,Visionary,Toys,65.26,2021-05-28 09:02:25,2021-05-29 09:02:25 UTC
510,value-added,Supplements,25.62,2021-06-24 16:58:00,2021-06-25 16:58:00 UTC
511,mobile,Supplements,33.12,2021-12-16 04:30:17,2021-12-16 04:30:17 UTC
512,Fundamental,Food,76.2,2021-11-07 05:19:31,2021-11-07 05:19:31 UTC
513,context-sensitive,Toys,22.76,2021-07-16 16:38:24,2021-07-16 16:38:24 UTC
514,Function-based,Toys,5.72,2021-08-19 04:29:20,2021-08-21 04:29:20 UTC
515,tertiary,Toys,53.36,2021-10-05 13:47:09,2021-10-08 13:47:09 UTC
516,Public-key,Equipment,43.61,2021-08-23 21:15:42,2021-08-26 21:15:42 UTC
517,clear-thinking,Housing,57.38,2021-06-18 12:45:15,2021-06-19 12:45:15 UTC
518,core,Accessory,23.48,2021-09-15 20:13:51,2021-09-17 20:13:51 UTC
519,support,Food,11.27,2021-07-22 09:41:54,2021-07-25 09:41:54 UTC
520,object-oriented,Toys,63.21,2021-07-09 18:43:55,2021-07-11 18:43:55 UTC
521,Realigned,Bedding,40.83,2021-07-02 15:40:57,2021-07-03 15:40:57 UTC
522,full-range,Supplements,72.96,2021-04-12 03:08:06,2021-04-12 03:08:06 UTC
523,intranet,Housing,52.75,2021-12-24 16:07:01,2021-12-27 16:07:01 UTC
524,task-force,Grooming,74.44,2021-06-03 20:53:20,2021-06-03 20:53:20 UTC
525,concept,Snack,40.31,2021-09-02 00:49:54,2021-09-02 00:49:54 UTC
526,Integrated,Housing,22.67,2021-05-11 22:02:28,2021-05-13 22:02:28 UTC
527,function,Grooming,57.5,2021-03-13 11:58:11,2021-03-14 11:58:11 UTC
528,incremental,Clothes,59.88,2021-12-03 09:16:08,2021-12-05 09:16:08 UTC
529,framework,Snack,1.86,2021-08-02 14:28:20,2021-08-03 14:28:20 UTC
530,De-engineered,Clothes,1.52,2021-12-11 06:08:01,2021-12-12 06:08:01 UTC
531,algorithm,Clothes,10.93,2021-12-24 06:50:36,2021-12-26 06:50:36 UTC
532,infrastructure,Snack,79.28,2021-09-02 07:05:08,2021-09-03 07:05:08 UTC
533,neural-net,Snack,54.86,2021-10-02 11:52:03,2021-10-02 11:52:03 UTC
534,clear-thinking,Bedding,44.56,2021-09-16 00:36:38,2021-09-19 00:36:38 UTC
535,extranet,Equipment,13.52,2021-04-09 15:07:53,2021-04-09 15:07:53 UTC
536,optimal,Grooming,37.24,2022-01-29 15:03:57,2022-01-29 15:03:57 UTC
537,Synergized,Medicine,38.68,2021-04-27 06:50:53,2021-04-29 06:50:53 UTC
538,even-keeled,Clothes,56.68,2022-02-19 14:11:19,2022-02-20 14:11:19 UTC
539,leverage,Equipment,31.28,2021-10-26 23:19:05,2021-10-26 23:19:05 UTC
540,collaboration,Clothes,41.11,2021-07-06 05:38:01,2021-07-09 05:38:01 UTC
541,cohesive,Equipment,44.71,2021-07-17 09:14:18,2021-07-19 09:14:18 UTC
542,definition,Bedding,52.21,2022-02-14 06:56:39,2022-02-16 06:56:39 UTC
543,open system,Clothes,48.36,2022-01-22 07:53:53,2022-01-24 07:53:53 UTC
544,challenge,Snack,32.74,2021-10-20 15:06:15,2021-10-23 15:06:15 UTC
545,Implemented,Food,68.94,2021-09-28 11:30:40,2021-09-30 11:30:40 UTC
546,moderator,Equipment,69.4,2022-01-04 13:33:00,2022-01-07 13:33:00 UTC
547,Face to face,Equipment,34.78,2021-11-26 13:09:33,2021-11-26 13:09:33 UTC
548,Integrated,Medicine,45.76,2021-07-27 19:43:15,2021-07-30 19:43:15 UTC
549,conglomeration,Snack,59.22,2021-11-18 05:04:14,2021-11-21 05:04:14 UTC
550,Reactive,Equipment,47.66,2021-08-07 13:58:52,2021-08-09 13:58:52 UTC
551,intranet,Toys,74.63,2022-02-08 01:33:25,2022-02-09 01:33:25 UTC
552,ability,Grooming,14.86,2021-11-28 05:11:24,2021-11-29 05:11:24 UTC
553,Customizable,Bedding,7.21,2021-11-30 00:53:18,2021-12-02 00:53:18 UTC
554,Function-based,Toys,74.62,2021-12-17 05:36:31,2021-12-19 05:36:31 UTC
555,Horizontal,Clothes,62.92,2021-03-26 02:37:46,2021-03-29 02:37:46 UTC
556,product,Medicine,16.09,2021-04-17 03:32:48,2021-04-17 03:32:48 UTC
557,transitional,Medicine,25.77,2021-04-01 05:10:23,2021-04-04 05:10:23 UTC
558,Enhanced,Equipment,56.27,2021-04-06 06:59:34,2021-04-07 06:59:34 UTC
559,Sharable,Snack,61.09,2021-05-13 18:21:05,2021-05-15 18:21:05 UTC
560,orchestration,Equipment,41.61,2021-09-02 17:06:20,2021-09-03 17:06:20 UTC
561,client-driven,Equipment,2.36,2021-06-11 18:06:36,2021-06-14 18:06:36 UTC
562,Fundamental,Food,48.13,2021-11-05 09:57:00,2021-11-08 09:57:00 UTC
563,Optional,Equipment,33.1,2021-05-03 04:16:24,2021-05-03 04:16:24 UTC
564,synergy,Snack,2.48,2021-11-20 07:39:56,2021-11-20 07:39:56 UTC
565,implementation,Toys,47.38,2021-11-17 19:08:46,2021-11-20 19:08:46 UTC
566,Reverse-engineered,Grooming,65.69,2021-04-24 07:49:52,2021-04-25 07:49:52 UTC
567,static,Supplements,56.81,2021-06-06 14:43:06,2021-06-07 14:43:06 UTC
568,Assimilated,Bedding,19.14,2022-01-07 10:26:04,2022-01-10 10:26:04 UTC
569,homogeneous,Equipment,32.38,2022-01-14 13:16:47,2022-01-15 13:16:47 UTC
570,Enhanced,Snack,72.1,2021-12-10 20:50:48,2021-12-11 20:50:48 UTC
571,cohesive,Toys,26.4,2021-05-10 07:43:01,2021-05-11 07:43:01 UTC
572,Re-engineered,Food,68.36,2021-09-05 22:31:23,2021-09-07 22:31:23 UTC
573,Adaptive,Toys,21.21,2021-12-12 10:39:05,2021-12-14 10:39:05 UTC
574,Phased,Housing,6.05,2021-12-14 23:22:23,2021-12-16 23:22:23 UTC
575,Down-sized,Supplements,79.3,2021-11-05 14:43:43,2021-11-06 14:43:43 UTC
576,object-oriented,Toys,12.92,2021-03-29 09:45:25,2021-03-31 09:45:25 UTC
577,Fundamental,Toys,58.91,2021-12-02 00:38:05,2021-12-02 00:38:05 UTC
578,multi-state,Toys,32.68,2021-11-26 00:49:33,2021-11-27 00:49:33 UTC
579,Cloned,Snack,54.89,2021-04-08 05:50:21,2021-04-09 05:50:21 UTC
580,scalable,Snack,54.1,2021-03-22 09:56:07,2021-03-23 09:56:07 UTC
581,Organized,Grooming,15.91,2021-08-30 08:01:27,2021-08-30 08:01:27 UTC
582,protocol,Supplements,61.87,2021-06-24 20:56:37,2021-06-27 20:56:37 UTC
583,4th generation,Snack,76.71,2021-12-28 21:49:32,2021-12-31 21:49:32 UTC
584,Fundamental,Equipment,73.3,2021-10-20 02:26:24,2021-10-23 02:26:24 UTC
585,Cloned,Snack,53.18,2021-07-24 04:12:15,2021-07-25 04:12:15 UTC
586,artificial intelligence,Equipment,28.68,2021-04-29 09:54:25,2021-05-02 09:54:25 UTC
587,Object-based,Snack,16.76,2021-11-10 11:10:18,2021-11-11 11:10:18 UTC
588,Synchronised,Equipment,55.1,2021-11-21 12:11:13,2021-11-21 12:11:13 UTC
589,array,Medicine,30.41,2021-03-27 03:25:18,2021-03-30 03:25:18 UTC
590,Fully-configurable,Medicine,52.38,2021-10-06 07:01:55,2021-10-08 07:01:55 UTC
591,Re-engineered,Toys,26.28,2021-10-22 11:57:17,2021-10-25 11:57:17 UTC
592,info-mediaries,Housing,24.44,2021-11-20 19:47:41,2021-11-20 19:47:41 UTC
593,alliance,Snack,32.51,2021-04-26 12:24:15,2021-04-28 12:24:15 UTC
594,info-mediaries,Snack,28.59,2022-02-10 02:40:29,2022-02-12 02:40:29 UTC
595,real-time,Snack,18.96,2021-10-18 01:57:45,2021-10-20 01:57:45 UTC
596,Enhanced,Grooming,62.36,2021-10-18 03:42:16,2021-10-20 03:42:16 UTC
597,systematic,Toys,24.0,2021-12-14 01:44:35,2021-12-16 01:44:35 UTC
598,Future-proofed,Housing,15.63,2021-11-16 12:36:44,2021-11-16 12:36:44 UTC
599,database,Supplements,33.7,2021-04-26 20:07:49,2021-04-29 20:07:49 UTC
600,emulation,Housing,75.32,2022-01-16 22:55:09,2022-01-19 22:55:09 UTC
601,Compatible,Equipment,65.36,2021-09-27 21:54:15,2021-09-28 21:54:15 UTC
602,strategy,Toys,47.79,2022-03-02 23:39:10,2022-03-02 23:39:10 UTC
603,encompassing,Food,8.36,2021-05-23 12:06:59,2021-05-25 12:06:59 UTC
604,exuding,Supplements,10.62,2021-08-21 14:35:51,2021-08-23 14:35:51 UTC
605,dynamic,Housing,31.72,2021-07-12 15:12:14,2021-07-12 15:12:14 UTC
606,full-range,Snack,5.14,2022-02-23 19:49:34,2022-02-25 19:49:34 UTC
607,homogeneous,Housing,24.33,2021-09-04 21:11:17,2021-09-06 21:11:17 UTC
608,asynchronous,Toys,1.5,2021-11-12 06:04:59,2021-11-13 06:04:59 UTC
609,budgetary management,Equipment,76.75,2021-10-27 23:34:22,2021-10-29 23:34:22 UTC
610,3rd generation,Equipment,49.33,2021-10-26 17:23:48,2021-10-29 17:23:48 UTC
611,Organized,Bedding,60.26,2021-08-26 10:59:24,2021-08-27 10:59:24 UTC
612,customer loyalty,Food,46.23,2021-11-21 05:42:20,2021-11-23 05:42:20 UTC
613,Polarised,Medicine,78.77,2021-08-22 00:57:03,2021-08-24 00:57:03 UTC
614,portal,Medicine,55.08,2022-01-21 21:00:46,2022-01-21 21:00:46 UTC
615,superstructure,Grooming,69.47,2021-10-18 01:43:11,2021-10-21 01:43:11 UTC
616,optimal,Equipment,5.38,2021-06-16 11:12:18,2021-06-19 11:12:18 UTC
617,grid-enabled,Grooming,1.81,2021-10-24 10:51:20,2021-10-25 10:51:20 UTC
618,static,Food,15.16,2022-02-25 06:50:37,2022-02-26 06:50:37 UTC
619,eco-centric,Food,22.08,2021-10-05 08:33:16,2021-10-06 08:33:16 UTC
620,Proactive,Snack,40.04,2022-01-01 09:54:11,2022-01-04 09:54:11 UTC
621,motivating,Equipment,35.71,2021-04-02 15:35:43,2021-04-02 15:35:43 UTC
622,database,Food,5.0,2021-09-19 12:10:51,2021-09-22 12:10:51 UTC
623,client-server,Clothes,52.64,2021-05-08 00:16:17,2021-05-10 00:16:17 UTC
624,throughput,Snack,30.35,2021-03-21 02:10:32,2021-03-21 02:10:32 UTC
625,Centralized,Bedding,44.17,2022-01-08 14:39:57,2022-01-08 14:39:57 UTC
626,projection,Toys,35.86,2021-03-22 20:27:29,2021-03-23 20:27:29 UTC
627,Decentralized,Equipment,49.44,2022-02-13 13:58:28,2022-02-15 13:58:28 UTC
628,next generation,Food,70.57,2021-05-05 01:23:51,2021-05-05 01:23:51 UTC
629,website,Bedding,47.37,2021-06-18 17:04:40,2021-06-19 17:04:40 UTC
630,Self-enabling,Accessory,76.23,2022-02-08 21:40:53,2022-02-08 21:40:53 UTC
631,grid-enabled,Medicine,64.68,2021-05-01 04:06:13,2021-05-01 04:06:13 UTC
632,moderator,Medicine,64.99,2021-06-02 04:13:12,2021-06-02 04:13:12 UTC
633,Function-based,Medicine,19.41,2021-08-17 16:07:52,2021-08-19 16:07:52 UTC
634,alliance,Equipment,69.2,2021-10-02 12:25:30,2021-10-05 12:25:30 UTC
635,approach,Snack,20.13,2021-03-23 02:36:39,2021-03-26 02:36:39 UTC
636,interface,Supplements,24.54,2021-08-01 20:57:41,2021-08-01 20:57:41 UTC
637,Realigned,Housing,4.53,2021-05-17 12:47:25,2021-05-18 12:47:25 UTC
638,Ameliorated,Snack,39.37,2021-04-14 03:43:25,2021-04-16 03:43:25 UTC
639,incremental,Supplements,77.03,2021-12-11 00:35:52,2021-12-13 00:35:52 UTC
640,directional,Toys,41.42,2021-07-26 17:44:47,2021-07-28 17:44:47 UTC
641,Enterprise-wide,Toys,36.2,2021-04-20 20:25:36,2021-04-22 20:25:36 UTC
642,contextually-based,Bedding,56.79,2021-12-29 19:05:27,2021-12-29 19:05:27 UTC
643,intangible,Food,35.81,2021-10-06 09:14:45,2021-10-09 09:14:45 UTC
644,attitude-oriented,Equipment,17.02,2022-03-02 06:44:24,2022-03-04 06:44:24 UTC
645,Exclusive,Bedding,43.87,2021-11-03 13:29:03,2021-11-05 13:29:03 UTC
646,bottom-line,Toys,47.28,2021-07-23 02:37:40,2021-07-25 02:37:40 UTC
647,initiative,Equipment,16.72,2022-03-07 06:18:01,2022-03-10 06:18:01 UTC
648,internet solution,Snack,15.87,2021-04-09 04:35:40,2021-04-09 04:35:40 UTC
649,synergy,Grooming,75.26,2021-05-28 18:34:23,2021-05-30 18:34:23 UTC
650,Up-sized,Toys,78.77,2021-06-03 19:10:46,2021-06-05 19:10:46 UTC
651,knowledge user,Grooming,35.2,2021-09-19 13:33:37,2021-09-21 13:33:37 UTC
652,even-keeled,Equipment,70.46,2021-11-05 10:35:41,2021-11-05 10:35:41 UTC
653,moratorium,Equipment,75.04,2021-12-27 07:27:53,2021-12-28 07:27:53 UTC
654,needs-based,Housing,36.19,2021-04-21 02:05:51,2021-04-24 02:05:51 UTC
655,Integrated,Equipment,58.67,2021-12-28 03:37:22,2021-12-28 03:37:22 UTC
656,budgetary management,Snack,79.53,2022-02-28 09:42:45,2022-03-03 09:42:45 UTC
657,Optimized,Snack,35.4,2022-02-17 20:10:51,2022-02-20 20:10:51 UTC
658,empowering,Equipment,58.27,2021-05-07 21:38:04,2021-05-08 21:38:04 UTC
659,throughput,Equipment,66.78,2022-02-21 07:48:28,2022-02-21 07:48:28 UTC
660,composite,Housing,61.54,2021-04-04 06:21:19,2021-04-07 06:21:19 UTC
661,Upgradable,Bedding,29.79,2021-03-17 03:41:04,2021-03-20 03:41:04 UTC
662,coherent,Food,9.35,2021-11-10 11:29:07,2021-11-11 11:29:07 UTC
663,dynamic,Toys,60.9,2021-07-26 15:48:37,2021-07-29 15:48:37 UTC
664,local,Bedding,66.81,2022-02-27 13:25:58,2022-02-28 13:25:58 UTC
665,bottom-line,Snack,66.19,2021-04-01 02:23:49,2021-04-04 02:23:49 UTC
666,open system,Accessory,59.16,2021-09-21 21:57:44,2021-09-24 21:57:44 UTC
667,multi-tasking,Food,24.34,2021-05-22 04:08:17,2021-05-25 04:08:17 UTC
668,Reverse-engineered,Snack,5.26,2021-10-24 17:02:29,2021-10-27 17:02:29 UTC
669,methodology,Accessory,14.47,2021-05-04 04:54:16,2021-05-06 04:54:16 UTC
670,asymmetric,Medicine,33.41,2021-10-04 12:59:53,2021-10-07 12:59:53 UTC
671,migration,Grooming,5.38,2021-10-08 07:37:24,2021-10-10 07:37:24 UTC
672,superstructure,Equipment,44.76,2021-10-24 00:32:27,2021-10-24 00:32:27 UTC
673,Optimized,Medicine,58.52,2022-01-14 20:28:25,2022-01-15 20:28:25 UTC
674,incremental,Accessory,34.27,2021-10-13 09:58:57,2021-10-15 09:58:57 UTC
675,Decentralized,Food,22.9,2021-11-18 08:17:32,2021-11-18 08:17:32 UTC
676,groupware,Toys,34.86,2021-12-15 09:14:53,2021-12-15 09:14:53 UTC
677,reciprocal,Toys,6.28,2021-03-12 13:04:54,2021-03-12 13:04:54 UTC
678,matrices,Toys,56.14,2021-12-25 05:49:18,2021-12-26 05:49:18 UTC
679,productivity,Equipment,55.35,2021-05-11 18:48:20,2021-05-12 18:48:20 UTC
680,application,Equipment,78.65,2022-03-03 20:44:37,2022-03-04 20:44:37 UTC
681,composite,Toys,2.43,2021-07-05 19:42:59,2021-07-07 19:42:59 UTC
682,encryption,Housing,54.8,2021-07-07 05:20:57,2021-07-08 05:20:57 UTC
683,encryption,Accessory,38.38,2022-01-15 21:09:57,2022-01-17 21:09:57 UTC
684,bottom-line,Housing,14.53,2021-03-24 10:59:17,2021-03-27 10:59:17 UTC
685,6th generation,Equipment,14.09,2021-12-22 15:15:13,2021-12-24 15:15:13 UTC
686,info-mediaries,Toys,31.09,2021-03-17 01:29:18,2021-03-18 01:29:18 UTC
687,collaboration,Food,41.09,2021-09-29 05:44:33,2021-10-02 05:44:33 UTC
688,executive,Supplements,60.44,2021-06-28 15:07:10,2021-06-29 15:07:10 UTC
689,extranet,Equipment,13.76,2021-12-17 21:23:10,2021-12-19 21:23:10 UTC
690,Synergistic,Clothes,22.29,2021-10-02 02:03:28,2021-10-03 02:03:28 UTC
691,discrete,Snack,55.74,2021-10-30 04:43:35,2021-10-30 04:43:35 UTC
692,tertiary,Snack,78.0,2021-07-18 09:40:26,2021-07-19 09:40:26 UTC
693,project,Snack,2.74,2022-03-07 08:33:56,2022-03-08 08:33:56 UTC
694,Reduced,Toys,70.28,2022-02-16 05:16:12,2022-02-16 05:16:12 UTC
695,Compatible,Clothes,3.01,2021-06-04 16:24:16,2021-06-05 16:24:16 UTC
696,real-time,Bedding,2.03,2021-09-13 16:29:05,2021-09-14 16:29:05 UTC
697,transitional,Snack,79.05,2021-05-20 01:13:56,2021-05-23 01:13:56 UTC
698,maximized,Clothes,58.34,2021-11-20 01:42:14,2021-11-23 01:42:14 UTC
699,multi-state,Snack,62.27,2021-10-04 18:09:34,2021-10-07 18:09:34 UTC
700,Expanded,Toys,23.15,2021-03-16 15:49:51,2021-03-18 15:49:51 UTC
701,cohesive,Medicine,27.01,2021-06-02 08:23:05,2021-06-03 08:23:05 UTC
702,Assimilated,Grooming,75.97,2022-01-07 21:49:17,2022-01-07 21:49:17 UTC
703,help-desk,Bedding,65.42,2021-05-28 05:57:55,2021-05-28 05:57:55 UTC
704,exuding,Food,4.98,2021-07-26 11:06:14,2021-07-29 11:06:14 UTC
705,Versatile,Equipment,67.56,2021-08-28 06:01:23,2021-08-31 06:01:23 UTC
706,methodology,Toys,47.87,2021-03-13 01:56:50,2021-03-14 01:56:50 UTC
707,Proactive,Supplements,12.25,2022-01-12 13:10:16,2022-01-13 13:10:16 UTC
708,bottom-line,Equipment,2.33,2022-03-05 20:41:15,2022-03-08 20:41:15 UTC
709,conglomeration,Toys,17.83,2021-06-10 19:36:21,2021-06-10 19:36:21 UTC
710,Profit-focused,Snack,73.3,2022-02-26 03:13:23,2022-03-01 03:13:23 UTC
711,value-added,Equipment,9.8,2022-01-27 08:05:40,2022-01-29 08:05:40 UTC
712,Secured,Equipment,44.78,2022-01-07 07:41:30,2022-01-08 07:41:30 UTC
713,even-keeled,Toys,65.16,2021-09-18 18:22:41,2021-09-21 18:22:41 UTC
714,Business-focused,Toys,52.83,2021-03-11 04:43:50,2021-03-12 04:43:50 UTC
715,Operative,Equipment,12.04,2021-10-24 05:58:08,2021-10-24 05:58:08 UTC
716,Re-contextualized,Clothes,33.94,2021-08-22 19:29:31,2021-08-24 19:29:31 UTC
717,Open-source,Equipment,18.89,2021-08-17 03:38:54,2021-08-19 03:38:54 UTC
718,standardization,Equipment,64.44,2021-03-25 16:26:59,2021-03-28 16:26:59 UTC
719,Automated,Toys,21.97,2021-09-02 09:13:20,2021-09-04 09:13:20 UTC
720,Implemented,Food,58.44,2021-04-16 15:51:06,2021-04-17 15:51:06 UTC
721,zero tolerance,Snack,49.41,2022-02-02 02:00:11,2022-02-02 02:00:11 UTC
722,Graphic Interface,Bedding,14.44,2022-02-07 12:02:40,2022-02-07 12:02:40 UTC
723,User-centric,Equipment,79.27,2021-04-08 11:57:50,2021-04-09 11:57:50 UTC
724,Fundamental,Toys,62.68,2021-12-31 10:01:08,2022-01-01 10:01:08 UTC
725,Monitored,Equipment,20.35,2021-11-17 19:13:41,2021-11-20 19:13:41 UTC
726,system engine,Toys,21.18,2021-12-11 09:23:01,2021-12-14 09:23:01 UTC
727,background,Supplements,4.44,2021-08-13 05:14:31,2021-08-13 05:14:31 UTC
728,frame,Equipment,48.14,2021-09-19 02:57:33,2021-09-22 02:57:33 UTC
729,Upgradable,Medicine,4.7,2021-06-14 04:41:17,2021-06-16 04:41:17 UTC
730,exuding,Equipment,12.23,2021-04-28 18:57:39,2021-04-29 18:57:39 UTC
731,systemic,Medicine,42.76,2021-11-04 12:34:41,2021-11-05 12:34:41 UTC
732,implementation,Supplements,29.09,2021-12-29 21:38:56,2021-12-30 21:38:56 UTC
733,service-desk,Equipment,28.4,2021-06-24 05:16:10,2021-06-25 05:16:10 UTC
734,cohesive,Equipment,29.72,2021-12-01 02:57:29,2021-12-01 02:57:29 UTC
735,regional,Equipment,66.94,2021-11-18 16:47:15,2021-11-21 16:47:15 UTC
736,context-sensitive,Food,6.83,2021-07-21 17:32:41,2021-07-23 17:32:41 UTC
737,systematic,Toys,68.87,2021-10-15 04:50:53,2021-10-17 04:50:53 UTC
738,capacity,Food,64.09,2021-05-10 17:53:20,2021-05-13 17:53:20 UTC
739,process improvement,Snack,79.42,2021-07-02 19:45:11,2021-07-04 19:45:11 UTC
740,utilisation,Medicine,68.9,2021-12-06 12:17:13,2021-12-07 12:17:13 UTC
741,Stand-alone,Food,39.16,2021-09-19 08:35:10,2021-09-22 08:35:10 UTC
742,dynamic,Medicine,34.39,2021-04-01 16:35:36,2021-04-04 16:35:36 UTC
743,asymmetric,Housing,71.86,2021-08-10 09:13:37,2021-08-13 09:13:37 UTC
744,Fully-configurable,Medicine,57.08,2021-09-19 05:15:56,2021-09-21 05:15:56 UTC
745,Team-oriented,Food,33.11,2022-02-14 15:13:27,2022-02-16 15:13:27 UTC
746,throughput,Toys,53.94,2022-01-09 00:48:30,2022-01-11 00:48:30 UTC
747,even-keeled,Food,79.21,2021-12-03 13:28:00,2021-12-05 13:28:00 UTC
748,modular,Supplements,6.64,2021-04-01 14:46:23,2021-04-02 14:46:23 UTC
749,framework,Toys,69.28,2021-08-08 17:25:58,2021-08-09 17:25:58 UTC
750,forecast,Toys,47.28,2021-05-10 07:40:33,2021-05-10 07:40:33 UTC
751,national,Equipment,77.5,2022-01-30 10:47:36,2022-01-30 10:47:36 UTC
752,explicit,Equipment,79.92,2021-11-27 23:34:24,2021-11-28 23:34:24 UTC
753,service-desk,Toys,14.13,2022-02-23 09:07:24,2022-02-24 09:07:24 UTC
754,Re-engineered,Equipment,7.87,2021-08-27 04:08:06,2021-08-27 04:08:06 UTC
755,global,Housing,54.55,2021-11-14 00:49:26,2021-11-17 00:49:26 UTC
756,Synergized,Supplements,73.03,2022-02-06 08:28:37,2022-02-07 08:28:37 UTC
757,bandwidth-monitored,Toys,55.23,2021-12-23 00:43:40,2021-12-26 00:43:40 UTC
758,contextually-based,Toys,74.89,2022-01-07 17:22:11,2022-01-07 17:22:11 UTC
759,leading edge,Snack,16.02,2021-12-18 18:26:37,2021-12-21 18:26:37 UTC
760,intermediate,Toys,54.48,2021-12-21 04:40:22,2021-12-24 04:40:22 UTC
761,24/7,Clothes,31.86,2021-03-22 21:53:58,2021-03-23 21:53:58 UTC
762,holistic,Clothes,22.35,2021-07-19 19:11:29,2021-07-19 19:11:29 UTC
763,moderator,Supplements,72.68,2021-08-24 11:56:59,2021-08-27 11:56:59 UTC
764,Re-contextualized,Equipment,6.56,2021-09-05 15:40:11,2021-09-05 15:40:11 UTC
765,holistic,Toys,12.9,2021-03-31 14:04:38,2021-04-03 14:04:38 UTC
766,knowledge user,Toys,40.39,2021-10-05 15:18:14,2021-10-05 15:18:14 UTC
767,non-volatile,Accessory,14.9,2021-04-18 07:19:50,2021-04-18 07:19:50 UTC
768,hierarchy,Equipment,45.34,2022-02-15 18:59:25,2022-02-15 18:59:25 UTC
769,impactful,Toys,19.78,2021-12-31 13:18:28,2021-12-31 13:18:28 UTC
770,bandwidth-monitored,Housing,19.91,2021-12-16 19:20:09,2021-12-17 19:20:09 UTC
771,scalable,Accessory,71.97,2021-07-16 03:53:30,2021-07-16 03:53:30 UTC
772,archive,Snack,22.87,2021-09-15 18:59:57,2021-09-16 18:59:57 UTC
773,Implemented,Snack,30.94,2021-04-18 00:02:41,2021-04-18 00:02:41 UTC
774,Phased,Food,10.24,2021-04-11 03:40:16,2021-04-12 03:40:16 UTC
775,pricing structure,Snack,44.39,2021-08-26 03:53:30,2021-08-26 03:53:30 UTC
776,Inverse,Toys,4.46,2021-05-30 20:51:30,2021-06-02 20:51:30 UTC
777,Distributed,Snack,58.63,2021-03-25 15:56:19,2021-03-27 15:56:19 UTC
778,matrix,Snack,51.24,2021-08-14 07:12:14,2021-08-17 07:12:14 UTC
779,didactic,Equipment,53.8,2021-07-28 13:10:48,2021-07-29 13:10:48 UTC
780,uniform,Supplements,41.37,2021-10-18 07:42:08,2021-10-18 07:42:08 UTC
781,Customizable,Toys,9.95,2021-07-13 21:49:39,2021-07-13 21:49:39 UTC
782,system-worthy,Supplements,58.93,2021-04-08 10:54:50,2021-04-09 10:54:50 UTC
783,toolset,Equipment,15.4,2021-12-04 20:32:05,2021-12-07 20:32:05 UTC
784,tangible,Snack,58.68,2022-01-03 21:06:21,2022-01-04 21:06:21 UTC
785,model,Housing,32.68,2021-03-19 10:52:54,2021-03-20 10:52:54 UTC
786,content-based,Food,24.19,2021-05-01 08:47:48,2021-05-02 08:47:48 UTC
787,Integrated,Grooming,42.54,2021-10-01 22:02:55,2021-10-01 22:02:55 UTC
788,reciprocal,Toys,45.82,2022-01-02 00:05:20,2022-01-02 00:05:20 UTC
789,radical,Clothes,2.53,2022-02-13 03:17:51,2022-02-14 03:17:51 UTC
790,success,Toys,20.98,2021-09-06 00:28:57,2021-09-07 00:28:57 UTC
791,Self-enabling,Bedding,75.41,2022-01-01 20:24:10,2022-01-02 20:24:10 UTC
792,24 hour,Grooming,63.84,2021-06-19 03:25:14,2021-06-20 03:25:14 UTC
793,bottom-line,Toys,6.57,2022-03-08 23:50:53,2022-03-11 23:50:53 UTC
794,success,Housing,14.19,2021-10-25 15:20:06,2021-10-26 15:20:06 UTC
795,3rd generation,Toys,31.43,2021-12-15 19:10:27,2021-12-15 19:10:27 UTC
796,Future-proofed,Medicine,5.93,2021-08-14 19:09:37,2021-08-17 19:09:37 UTC
797,Assimilated,Supplements,28.69,2021-12-06 00:46:44,2021-12-09 00:46:44 UTC
798,approach,Housing,56.61,2021-05-27 03:43:01,2021-05-28 03:43:01 UTC
799,implementation,Snack,3.33,2022-01-16 14:24:00,2022-01-17 14:24:00 UTC
800,tangible,Medicine,27.59,2022-02-10 11:02:01,2022-02-12 11:02:01 UTC
801,superstructure,Accessory,44.4,2021-04-04 03:54:12,2021-04-07 03:54:12 UTC
802,zero defect,Equipment,33.81,2021-04-07 16:30:44,2021-04-07 16:30:44 UTC
803,dedicated,Supplements,16.18,2021-05-22 19:55:01,2021-05-23 19:55:01 UTC
804,hardware,Food,67.64,2021-04-06 19:07:17,2021-04-06 19:07:17 UTC
805,hardware,Food,26.48,2021-07-19 10:51:06,2021-07-20 10:51:06 UTC
806,Down-sized,Accessory,27.37,2021-08-17 22:10:13,2021-08-18 22:10:13 UTC
807,methodology,Housing,3.84,2021-03-27 23:16:05,2021-03-27 23:16:05 UTC
808,system-worthy,Toys,7.7,2021-07-11 18:41:33,2021-07-13 18:41:33 UTC
809,discrete,Accessory,72.2,2022-01-31 11:24:59,2022-01-31 11:24:59 UTC
810,Programmable,Toys,15.05,2021-07-10 00:32:53,2021-07-10 00:32:53 UTC
811,flexibility,Equipment,72.28,2021-07-11 01:04:41,2021-07-11 01:04:41 UTC
812,attitude,Food,75.66,2021-08-04 15:59:16,2021-08-07 15:59:16 UTC
813,hybrid,Medicine,28.27,2021-07-13 09:03:50,2021-07-16 09:03:50 UTC
814,capability,Grooming,60.17,2021-12-05 23:35:44,2021-12-06 23:35:44 UTC
815,hardware,Supplements,18.65,2022-02-26 06:07:25,2022-03-01 06:07:25 UTC
816,intermediate,Toys,58.31,2021-04-25 13:17:57,2021-04-26 13:17:57 UTC
817,static,Supplements,3.74,2021-05-24 09:57:42,2021-05-26 09:57:42 UTC
818,leading edge,Supplements,13.62,2021-12-25 14:40:29,2021-12-26 14:40:29 UTC
819,high-level,Equipment,70.19,2021-11-03 01:01:21,2021-11-06 01:01:21 UTC
820,clear-thinking,Supplements,50.41,2022-02-26 16:37:43,2022-02-26 16:37:43 UTC
821,leverage,Snack,73.0,2021-05-21 16:39:17,2021-05-23 16:39:17 UTC
822,Polarised,Medicine,57.07,2021-06-01 05:26:22,2021-06-03 05:26:22 UTC
823,complexity,Food,19.24,2021-12-14 09:50:29,2021-12-14 09:50:29 UTC
824,service-desk,Food,29.85,2021-08-05 15:30:32,2021-08-06 15:30:32 UTC
825,installation,Equipment,69.89,2021-05-07 21:32:26,2021-05-08 21:32:26 UTC
826,Customizable,Equipment,77.92,2022-01-18 15:06:25,2022-01-21 15:06:25 UTC
827,Optional,Accessory,43.61,2021-03-16 10:43:39,2021-03-16 10:43:39 UTC
828,Integrated,Toys,78.35,2021-10-23 22:12:42,2021-10-24 22:12:42 UTC
829,attitude-oriented,Equipment,72.49,2021-06-14 10:56:43,2021-06-15 10:56:43 UTC
830,knowledge user,Equipment,78.46,2021-06-20 04:19:37,2021-06-20 04:19:37 UTC
831,secondary,Clothes,54.6,2022-01-23 18:40:41,2022-01-26 18:40:41 UTC
832,system engine,Medicine,79.09,2021-06-23 16:07:51,2021-06-24 16:07:51 UTC
833,Realigned,Supplements,59.51,2021-05-07 07:59:38,2021-05-08 07:59:38 UTC
834,Open-architected,Snack,7.08,2022-01-08 05:31:05,2022-01-10 05:31:05 UTC
835,holistic,Food,2.51,2021-12-30 22:37:22,2022-01-02 22:37:22 UTC
836,Streamlined,Accessory,39.98,2021-11-24 13:41:35,2021-11-25 13:41:35 UTC
837,data-warehouse,Snack,35.53,2021-08-14 06:46:46,2021-08-15 06:46:46 UTC
838,website,Supplements,72.51,2021-10-01 05:33:03,2021-10-03 05:33:03 UTC
839,interactive,Toys,37.32,2021-05-23 10:06:41,2021-05-26 10:06:41 UTC
840,adapter,Food,38.83,2021-09-06 15:32:55,2021-09-09 15:32:55 UTC
841,Cross-group,Accessory,78.0,2021-08-30 15:19:40,2021-08-30 15:19:40 UTC
842,utilisation,Medicine,30.73,2021-06-06 22:55:45,2021-06-08 22:55:45 UTC
843,Reverse-engineered,Equipment,12.68,2021-08-01 21:40:36,2021-08-03 21:40:36 UTC
844,hierarchy,Bedding,68.71,2021-06-29 13:23:11,2021-06-29 13:23:11 UTC
845,regional,Snack,61.46,2021-08-13 11:26:37,2021-08-13 11:26:37 UTC
846,value-added,Grooming,21.49,2021-08-09 06:40:24,2021-08-10 06:40:24 UTC
847,content-based,Supplements,30.61,2021-06-16 02:04:48,2021-06-17 02:04:48 UTC
848,capability,Grooming,60.07,2022-01-10 22:41:28,2022-01-13 22:41:28 UTC
849,content-based,Toys,51.17,2021-12-14 09:36:11,2021-12-15 09:36:11 UTC
850,protocol,Medicine,35.08,2021-10-29 15:44:18,2021-11-01 15:44:18 UTC
851,leading edge,Snack,60.95,2021-10-06 15:50:38,2021-10-06 15:50:38 UTC
852,emulation,Accessory,38.01,2021-09-16 03:01:42,2021-09-16 03:01:42 UTC
853,hub,Food,4.0,2022-03-06 20:31:21,2022-03-08 20:31:21 UTC
854,portal,Toys,24.77,2021-05-16 19:02:57,2021-05-19 19:02:57 UTC
855,Expanded,Equipment,31.75,2021-11-18 00:46:34,2021-11-21 00:46:34 UTC
856,local,Toys,8.09,2021-04-17 04:47:08,2021-04-18 04:47:08 UTC
857,instruction set,Equipment,43.56,2021-04-04 22:46:44,2021-04-06 22:46:44 UTC
858,contingency,Medicine,25.24,2022-03-06 14:34:15,2022-03-09 14:34:15 UTC
859,capability,Bedding,70.31,2021-12-24 13:35:35,2021-12-25 13:35:35 UTC
860,fresh-thinking,Equipment,36.23,2021-06-28 15:17:30,2021-07-01 15:17:30 UTC
861,implementation,Equipment,33.71,2021-04-11 08:50:46,2021-04-14 08:50:46 UTC
862,Multi-layered,Clothes,64.11,2021-07-02 12:58:11,2021-07-03 12:58:11 UTC
863,Seamless,Equipment,71.33,2021-12-24 06:37:50,2021-12-25 06:37:50 UTC
864,exuding,Snack,54.35,2021-09-03 03:38:27,2021-09-06 03:38:27 UTC
865,tertiary,Toys,37.53,2021-06-22 09:26:17,2021-06-22 09:26:17 UTC
866,well-modulated,Snack,23.95,2021-03-23 19:32:33,2021-03-23 19:32:33 UTC
867,analyzer,Supplements,77.31,2021-09-17 19:25:03,2021-09-17 19:25:03 UTC
868,matrices,Toys,61.01,2021-03-11 03:00:54,2021-03-13 03:00:54 UTC
869,Ameliorated,Supplements,61.67,2021-06-06 18:32:20,2021-06-08 18:32:20 UTC
870,structure,Snack,63.98,2021-06-05 06:38:21,2021-06-08 06:38:21 UTC
871,solution,Food,29.89,2022-02-11 12:46:12,2022-02-13 12:46:12 UTC
872,Multi-channelled,Housing,46.3,2021-11-23 19:47:21,2021-11-23 19:47:21 UTC
873,toolset,Toys,42.64,2021-10-24 12:32:30,2021-10-25 12:32:30 UTC
874,asymmetric,Supplements,29.24,2021-03-18 08:58:26,2021-03-19 08:58:26 UTC
875,initiative,Equipment,65.53,2021-12-23 00:26:10,2021-12-23 00:26:10 UTC
876,service-desk,Medicine,21.8,2021-09-29 14:29:46,2021-10-02 14:29:46 UTC
877,Face to face,Bedding,17.23,2022-02-19 01:45:11,2022-02-21 01:45:11 UTC
878,local,Snack,18.92,2021-05-20 04:42:24,2021-05-22 04:42:24 UTC
879,Multi-layered,Medicine,59.44,2021-03-13 18:11:37,2021-03-14 18:11:37 UTC
880,Face to face,Toys,36.5,2021-12-30 20:04:43,2022-01-02 20:04:43 UTC
881,secondary,Equipment,49.78,2021-06-30 18:45:08,2021-07-01 18:45:08 UTC
882,6th generation,Food,17.42,2021-08-03 14:55:48,2021-08-04 14:55:48 UTC
883,framework,Clothes,69.23,2021-11-12 23:20:55,2021-11-13 23:20:55 UTC
884,definition,Food,76.73,2021-11-20 12:37:26,2021-11-23 12:37:26 UTC
885,Profit-focused,Toys,34.24,2021-09-22 23:30:01,2021-09-23 23:30:01 UTC
886,secured line,Clothes,63.87,2022-02-24 20:33:18,2022-02-24 20:33:18 UTC
887,Configurable,Equipment,16.11,2021-04-20 07:50:11,2021-04-22 07:50:11 UTC
888,transitional,Supplements,8.96,2021-08-09 08:06:54,2021-08-10 08:06:54 UTC
889,Distributed,Equipment,67.57,2021-03-25 10:40:36,2021-03-26 10:40:36 UTC
890,moderator,Medicine,74.63,2022-01-12 09:09:07,2022-01-14 09:09:07 UTC
891,next generation,Snack,7.4,2022-01-18 15:30:44,2022-01-19 15:30:44 UTC
892,definition,Snack,15.06,2021-05-08 20:11:12,2021-05-09 20:11:12 UTC
893,Right-sized,Grooming,60.66,2021-06-08 03:18:46,2021-06-09 03:18:46 UTC
894,Stand-alone,Equipment,48.05,2021-10-21 16:33:08,2021-10-22 16:33:08 UTC
895,clear-thinking,Bedding,34.86,2021-11-09 09:53:46,2021-11-09 09:53:46 UTC
896,responsive,Medicine,18.49,2021-07-14 13:38:19,2021-07-16 13:38:19 UTC
897,Progressive,Snack,19.81,2021-04-10 22:28:42,2021-04-10 22:28:42 UTC
898,Re-contextualized,Equipment,42.93,2021-10-28 11:39:46,2021-10-31 11:39:46 UTC
899,Visionary,Medicine,8.78,2021-11-17 02:30:03,2021-11-17 02:30:03 UTC
900,workforce,Grooming,52.86,2022-03-02 02:36:16,2022-03-03 02:36:16 UTC
901,non-volatile,Medicine,42.68,2021-12-17 07:45:59,2021-12-17 07:45:59 UTC
902,User-centric,Snack,21.1,2022-01-24 04:31:30,2022-01-27 04:31:30 UTC
903,groupware,Supplements,78.4,2021-05-04 04:57:46,2021-05-06 04:57:46 UTC
904,human-resource,Supplements,28.67,2021-07-19 13:43:36,2021-07-22 13:43:36 UTC
905,function,Equipment,27.01,2021-11-17 21:23:11,2021-11-19 21:23:11 UTC
906,Exclusive,Equipment,32.54,2021-07-01 23:47:54,2021-07-03 23:47:54 UTC
907,encompassing,Food,56.68,2022-02-18 06:53:42,2022-02-21 06:53:42 UTC
908,Profit-focused,Clothes,17.53,2021-08-07 02:42:37,2021-08-09 02:42:37 UTC
909,Secured,Housing,52.21,2021-12-13 21:55:04,2021-12-15 21:55:04 UTC
910,local area network,Snack,22.64,2021-09-10 21:30:28,2021-09-12 21:30:28 UTC
911,Right-sized,Supplements,70.42,2022-02-07 19:35:42,2022-02-08 19:35:42 UTC
912,Team-oriented,Accessory,22.9,2021-06-17 15:26:03,2021-06-20 15:26:03 UTC
913,hub,Grooming,59.75,2021-05-28 09:49:15,2021-05-28 09:49:15 UTC
914,migration,Supplements,29.81,2021-08-31 21:33:26,2021-09-03 21:33:26 UTC
915,incremental,Food,74.38,2021-08-02 04:02:36,2021-08-02 04:02:36 UTC
916,Graphic Interface,Toys,17.93,2021-05-02 23:19:31,2021-05-05 23:19:31 UTC
917,solution,Toys,59.95,2021-03-13 10:01:42,2021-03-13 10:01:42 UTC
918,systematic,Snack,18.5,2021-10-03 00:17:26,2021-10-03 00:17:26 UTC
919,standardization,Supplements,52.03,2021-10-10 23:37:00,2021-10-11 23:37:00 UTC
920,Virtual,Bedding,18.41,2021-06-25 08:31:05,2021-06-27 08:31:05 UTC
921,foreground,Snack,23.24,2021-03-31 05:42:33,2021-04-01 05:42:33 UTC
922,Enhanced,Housing,61.12,2021-07-21 11:53:39,2021-07-23 11:53:39 UTC
923,database,Housing,29.03,2021-05-25 09:38:45,2021-05-26 09:38:45 UTC
924,Streamlined,Toys,9.5,2021-06-15 10:45:41,2021-06-15 10:45:41 UTC
925,access,Supplements,49.33,2021-07-18 10:59:45,2021-07-21 10:59:45 UTC
926,methodology,Housing,13.63,2021-09-11 23:33:59,2021-09-12 23:33:59 UTC
927,Mandatory,Equipment,78.3,2021-10-03 04:58:59,2021-10-04 04:58:59 UTC
928,well-modulated,Grooming,55.46,2021-07-15 17:38:44,2021-07-15 17:38:44 UTC
929,Organic,Snack,23.75,2021-04-24 03:44:53,2021-04-27 03:44:53 UTC
930,methodical,Toys,12.03,2021-11-27 21:48:54,2021-11-30 21:48:54 UTC
931,impactful,Equipment,59.06,2022-03-09 10:09:34,2022-03-10 10:09:34 UTC
932,utilisation,Snack,28.36,2021-04-02 16:21:33,2021-04-04 16:21:33 UTC
933,software,Equipment,78.93,2021-06-04 16:27:10,2021-06-04 16:27:10 UTC
934,intranet,Snack,52.18,2021-11-15 11:30:44,2021-11-17 11:30:44 UTC
935,Managed,Grooming,75.97,2021-11-26 17:42:25,2021-11-26 17:42:25 UTC
936,client-driven,Supplements,3.06,2021-05-18 16:05:53,2021-05-18 16:05:53 UTC
937,Pre-emptive,Snack,41.81,2021-10-20 07:52:25,2021-10-20 07:52:25 UTC
938,capacity,Food,66.31,2021-04-13 05:24:54,2021-04-14 05:24:54 UTC
939,24 hour,Grooming,2.14,2022-01-04 07:17:28,2022-01-05 07:17:28 UTC
940,Front-line,Toys,75.18,2021-08-25 09:11:00,2021-08-26 09:11:00 UTC
941,Organic,Toys,6.48,2021-11-18 17:41:47,2021-11-19 17:41:47 UTC
942,customer loyalty,Bedding,23.71,2021-12-23 19:20:24,2021-12-26 19:20:24 UTC
943,context-sensitive,Toys,33.6,2021-04-05 22:30:53,2021-04-06 22:30:53 UTC
944,Adaptive,Supplements,75.0,2021-09-12 06:59:35,2021-09-14 06:59:35 UTC
945,Multi-tiered,Snack,19.07,2021-08-04 08:12:20,2021-08-06 08:12:20 UTC
946,next generation,Equipment,46.42,2021-04-11 02:13:45,2021-04-11 02:13:45 UTC
947,clear-thinking,Housing,75.85,2021-10-29 01:42:35,2021-10-31 01:42:35 UTC
948,composite,Toys,22.88,2021-04-14 10:07:54,2021-04-16 10:07:54 UTC
949,Down-sized,Medicine,56.97,2021-07-22 01:40:30,2021-07-23 01:40:30 UTC
950,structure,Toys,10.21,2022-02-23 23:04:50,2022-02-24 23:04:50 UTC
951,static,Grooming,21.35,2021-08-14 11:15:29,2021-08-17 11:15:29 UTC
952,Face to face,Clothes,36.44,2021-11-07 09:55:28,2021-11-08 09:55:28 UTC
953,database,Toys,60.6,2021-08-31 01:53:12,2021-09-02 01:53:12 UTC
954,Vision-oriented,Accessory,2.36,2021-06-26 15:30:18,2021-06-28 15:30:18 UTC
955,Sharable,Grooming,41.71,2021-09-06 04:48:48,2021-09-08 04:48:48 UTC
956,toolset,Equipment,43.21,2021-04-14 21:25:17,2021-04-17 21:25:17 UTC
957,foreground,Toys,27.67,2021-10-26 13:25:54,2021-10-27 13:25:54 UTC
958,hardware,Clothes,48.4,2022-02-21 16:53:35,2022-02-21 16:53:35 UTC
959,intranet,Housing,48.08,2021-10-24 04:28:20,2021-10-24 04:28:20 UTC
960,Fully-configurable,Toys,26.76,2021-04-07 03:11:32,2021-04-08 03:11:32 UTC
961,Object-based,Clothes,11.78,2021-11-27 03:22:18,2021-11-30 03:22:18 UTC
962,system engine,Equipment,65.57,2021-09-12 20:46:34,2021-09-15 20:46:34 UTC
963,local,Toys,42.53,2021-03-13 19:47:29,2021-03-15 19:47:29 UTC
964,Inverse,Bedding,7.83,2021-10-13 12:40:34,2021-10-14 12:40:34 UTC
965,transitional,Housing,23.8,2021-10-10 16:42:59,2021-10-10 16:42:59 UTC
966,heuristic,Supplements,2.42,2021-08-12 23:59:19,2021-08-15 23:59:19 UTC
967,frame,Accessory,52.05,2021-04-04 06:13:39,2021-04-05 06:13:39 UTC
968,Face to face,Toys,8.36,2021-09-27 07:01:33,2021-09-28 07:01:33 UTC
969,emulation,Snack,60.06,2021-08-23 07:20:59,2021-08-24 07:20:59 UTC
970,value-added,Snack,72.95,2021-12-18 11:59:31,2021-12-18 11:59:31 UTC
971,tertiary,Supplements,69.42,2021-08-24 06:57:23,2021-08-26 06:57:23 UTC
972,Automated,Food,7.75,2021-03-25 16:56:45,2021-03-26 16:56:45 UTC
973,focus group,Medicine,40.54,2022-02-13 20:13:25,2022-02-15 20:13:25 UTC
974,zero defect,Toys,79.34,2021-06-28 03:31:34,2021-06-30 03:31:34 UTC
975,application,Toys,24.45,2021-05-24 15:56:42,2021-05-25 15:56:42 UTC
976,Seamless,Equipment,15.89,2021-03-15 18:50:40,2021-03-15 18:50:40 UTC
977,Right-sized,Medicine,58.51,2021-05-02 01:21:16,2021-05-02 01:21:16 UTC
978,asynchronous,Bedding,13.66,2021-12-15 02:32:37,2021-12-15 02:32:37 UTC
979,function,Grooming,48.71,2021-07-28 06:21:41,2021-07-30 06:21:41 UTC
980,Re-contextualized,Medicine,31.83,2021-05-02 10:21:35,2021-05-05 10:21:35 UTC
981,Reduced,Toys,63.4,2021-09-10 06:11:54,2021-09-10 06:11:54 UTC
982,methodology,Toys,17.37,2021-07-26 12:33:11,2021-07-27 12:33:11 UTC
983,zero tolerance,Snack,50.42,2021-03-31 17:33:11,2021-03-31 17:33:11 UTC
984,Multi-lateral,Supplements,53.58,2021-03-11 12:37:31,2021-03-11 12:37:31 UTC
985,implementation,Supplements,5.8,2021-12-15 03:16:09,2021-12-17 03:16:09 UTC
986,optimal,Food,74.03,2022-02-09 13:38:09,2022-02-12 13:38:09 UTC
987,portal,Equipment,33.02,2021-07-14 20:15:09,2021-07-15 20:15:09 UTC
988,budgetary management,Toys,65.54,2022-01-30 18:03:12,2022-02-02 18:03:12 UTC
989,encryption,Housing,69.41,2021-12-24 21:58:02,2021-12-27 21:58:02 UTC
990,Focused,Snack,57.35,2021-11-25 01:11:15,2021-11-26 01:11:15 UTC
991,customer loyalty,Equipment,12.65,2022-01-17 19:09:23,2022-01-18 19:09:23 UTC
992,Synchronised,Equipment,34.79,2021-09-18 08:35:03,2021-09-18 08:35:03 UTC
993,leading edge,Food,60.19,2021-04-01 11:59:32,2021-04-03 11:59:32 UTC
994,encoding,Toys,34.96,2022-01-09 07:54:50,2022-01-09 07:54:50 UTC
995,forecast,Medicine,53.75,2021-08-17 16:56:09,2021-08-20 16:56:09 UTC
996,function,Supplements,12.75,2021-12-13 17:26:44,2021-12-16 17:26:44 UTC
997,exuding,Snack,49.75,2021-12-24 19:27:27,2021-12-24 19:27:27 UTC
998,Reduced,Toys,74.29,2022-01-10 03:40:45,2022-01-10 03:40:45 UTC
999,exuding,Equipment,28.37,2021-11-09 09:24:13,2021-11-10 09:24:13 UTC
1000,initiative,Snack,39.97,2021-10-12 14:00:23,2021-10-12 14:00:23 UTC
1001,hub,Housing,20.88,2022-02-07 04:28:43,2022-02-07 04:28:43 UTC
1002,protocol,Supplements,65.61,2021-04-09 23:52:06,2021-04-12 23:52:06 UTC
1003,cohesive,Clothes,23.85,2021-04-19 23:06:13,2021-04-20 23:06:13 UTC
1004,Enterprise-wide,Snack,51.42,2021-12-08 13:51:11,2021-12-08 13:51:11 UTC
1005,hardware,Housing,72.69,2021-06-29 12:23:17,2021-06-29 12:23:17 UTC
1006,multi-tasking,Snack,53.19,2021-12-16 19:39:14,2021-12-16 19:39:14 UTC
1007,fault-tolerant,Accessory,46.47,2021-11-12 05:12:41,2021-11-15 05:12:41 UTC
1008,client-server,Equipment,26.43,2022-02-02 15:42:58,2022-02-02 15:42:58 UTC
1009,Object-based,Equipment,48.98,2021-03-29 20:55:48,2021-03-30 20:55:48 UTC
1010,Visionary,Supplements,36.44,2021-06-01 13:25:53,2021-06-01 13:25:53 UTC
1011,asynchronous,Toys,33.38,2021-08-11 10:27:50,2021-08-14 10:27:50 UTC
1012,high-level,Housing,57.51,2021-08-21 14:40:20,2021-08-24 14:40:20 UTC
1013,Advanced,Toys,27.78,2021-06-26 20:21:09,2021-06-26 20:21:09 UTC
1014,archive,Toys,12.79,2021-06-01 00:38:23,2021-06-03 00:38:23 UTC
1015,Profit-focused,Snack,21.2,2021-08-07 11:59:48,2021-08-07 11:59:48 UTC
1016,software,Equipment,57.67,2021-10-13 07:03:25,2021-10-16 07:03:25 UTC
1017,zero tolerance,Medicine,72.68,2021-11-22 15:53:24,2021-11-23 15:53:24 UTC
1018,Mandatory,Toys,79.88,2021-05-19 19:05:04,2021-05-21 19:05:04 UTC
1019,Public-key,Food,64.84,2021-05-01 05:04:39,2021-05-02 05:04:39 UTC
1020,Compatible,Equipment,36.8,2021-12-06 20:30:10,2021-12-08 20:30:10 UTC
1021,scalable,Accessory,43.45,2021-06-16 11:30:49,2021-06-19 11:30:49 UTC
1022,emulation,Accessory,67.37,2022-03-05 10:38:12,2022-03-07 10:38:12 UTC
1023,core,Snack,46.42,2021-10-10 01:33:21,2021-10-13 01:33:21 UTC
1024,concept,Clothes,59.2,2021-03-14 17:54:36,2021-03-16 17:54:36 UTC
1025,Adaptive,Housing,63.32,2021-07-25 09:01:44,2021-07-25 09:01:44 UTC
1026,client-driven,Equipment,59.31,2021-10-09 18:04:18,2021-10-11 18:04:18 UTC
1027,bottom-line,Snack,20.99,2021-09-20 23:41:30,2021-09-23 23:41:30 UTC
1028,methodical,Clothes,55.36,2021-12-02 21:46:17,2021-12-02 21:46:17 UTC
1029,utilisation,Clothes,60.95,2021-07-04 06:19:32,2021-07-06 06:19:32 UTC
